Measurement Name :,20191029-RUN2_28,,Generated On :,"29/10/2019, 20:11:19",,,Calibration details for Oxygen,,,Report :,"@m01:IDENTIFICATION
Serial number     : SEBX0007000641      
MUX channel       : ON - 01

PARAMETERS
Sig LED current   : 045
Ref LED current   : 095
Frequency         : 060
Sending interval  : 0000
Pulse lenght      : 06
Red REF comp.     : ON
Temperature comp. : ON

FIRMWARE
ver.4.039.A3.ST   : 04/30/07, 09:14:36
@m01:RDY

",,Other Report :,"Start Temperature : 
End Temperature        : 
Start Humidity         : 
End Humidity           : 
Ref.phase Corre        : 1
Dig. Ampl.Factor       : 
Mod. Coarse Freq.      : 
Mod. Fine Freq.        : 
Mod. Shape             : 
Mono or Stero          : 
Phase Shift            : 
Sampling Rate          : 
Temp. Corr Slop Coef   : 
",,,,,,,,,,,,,,,,,
Start Date/Time:,"29/10/2019, 19:01:17",,,,,,Batch No.:  ,PSt5-1624-01,,,,,,,,,,,,,,,,,,,,,,,
End Date/Time:,"29/10/2019, 20:10:55",,,,,,O2_cal0 [°],56.49,,,,,,,,,,,,,,,,,,,,,,,
User Comment :,0,,Meas. Created By :,admin,,,O2_cal2nd [°],50.39,,,,,,,,,,,,,,,,,,,,,,,
SDR Serial No. :,S-641,,,,,,O2_T0 [°C],10,,,,,,,,,,,,,,,,,,,,,,,
Parameter :,Oxygen [cO2 [µmol/L]],,,,,,O2_T2nd [°C],10,,,,,,,,,,,,,,,,,,,,,,,
,,,,,,,O2_patm [mbar],965,,,,,,,,,,,,,,,,,,,,,,,
,,,,,,,O2_2nd [% a.s.],100,,,,,,,,,,,,,,,,,,,,,,,
,,,,,,,,,,,,,,,,,,,,,,,,,,,,,,,
,,,,,,,,,,,,,,,,,,,,,,,,,,,,,,,
,,,,,,,,,,,,,,,,,,,,,,,,,,,,,,,
,,,,,,,,,,,,,,,,,,,,,,,,,,,,,,,
Date/Time,Time/Min.,A1,B1,C1,D1,A2,B2,C2,D2,A3,B3,C3,D3,A4,B4,C4,D4,A5,B5,C5,D5,A6,B6,C6,D6,,Tm [°C],p [mbar],Salinity [g/1000g],T_internal [°C],Error
29.10.19 19:01:20,"0,05",198.58,187.04,201.96,208.15,192.79,205.36,188.24,205.36,202.27,199.2,199.5,203.5,197.05,214.4,193.09,203.2,193.09,180.74,201.66,201.04,216.91,218.49,214.71,214.4,,28,965,34,28.38,
29.10.19 19:01:35,"0,3",200.43,188.24,201.04,210.02,194.61,207.22,186.14,205.05,205.98,199.81,201.66,206.29,196.75,215.34,191.57,201.35,196.44,180.74,202.89,200.12,219.12,215.65,213.14,216.6,,28,965,34,28.29,
29.10.19 19:01:50,"0,55",201.66,188.24,201.66,210.02,194,208.77,187.34,206.6,205.98,199.5,202.27,207.84,195.83,214.71,192.79,203.81,195.83,179.85,201.66,203.5,218.17,217.86,215.97,216.91,,28,965,34,28.25,
29.10.19 19:02:05,"0,8",200.73,187.34,202.89,211.89,194.61,207.84,188.85,205.67,204.74,201.96,204.74,207.22,198.28,214.08,194.31,203.5,199.2,178.96,202.27,203.5,216.6,218.17,216.28,218.17,,28,965,34,28.21,
29.10.19 19:02:21,"1,07",202.89,188.55,202.27,210.02,196.44,210.64,188.55,205.98,205.67,201.04,204.12,207.53,197.97,216.91,192.18,203.5,197.36,177.77,202.58,206.6,221.02,221.02,215.97,219.12,,28,965,34,28.16,
29.10.19 19:02:36,"1,32",203.2,188.55,203.2,211.58,197.36,210.02,188.85,204.12,205.67,200.43,204.43,207.84,197.36,217.54,194.61,203.81,199.2,176.58,205.05,204.74,225.15,220.07,216.6,220.07,,28,965,34,28.15,
29.10.19 19:02:51,"1,57",202.89,189.76,202.89,212.52,197.36,209.4,187.64,206.91,207.22,201.35,203.2,206.91,197.67,217.23,191.27,205.67,198.58,176.58,204.43,205.05,224.83,220.7,216.91,216.28,,28,965,34,28.13,
29.10.19 19:03:06,"1,82",203.81,190.06,201.66,213.14,195.53,210.96,187.94,205.98,207.22,199.5,203.2,208.46,197.67,216.6,192.79,207.53,197.05,175.69,204.43,205.67,223.24,222.29,218.49,218.49,,28,965,34,28.11,
29.10.19 19:03:22,"2,08",203.81,190.97,202.58,214.71,199.5,212.2,188.85,207.53,206.29,201.66,203.5,209.08,197.97,218.8,193.09,207.22,196.44,173.33,202.89,204.43,225.15,221.02,217.23,219.12,,28,965,34,28.08,
29.10.19 19:03:37,"2,33",203.5,189.76,200.73,212.83,197.67,211.89,189.15,206.91,206.6,203.2,202.58,205.36,198.58,219.75,193.09,205.67,200.43,175.99,201.66,205.98,225.79,219.12,216.91,217.54,,28,965,34,28.08,
29.10.19 19:03:52,"2,58",205.05,189.76,201.66,214.71,197.05,211.27,188.24,208.15,206.91,202.89,201.35,208.46,199.5,218.8,194,208.15,198.28,176.28,200.73,205.36,226.43,221.34,219.44,220.07,,28,965,34,28.07,
29.10.19 19:04:07,"2,83",203.2,191.57,201.96,215.03,198.58,213.14,187.64,204.74,205.05,203.5,203.5,208.46,198.28,220.7,195.83,208.46,198.89,173.92,204.74,206.29,224.83,222.29,218.49,219.75,,28,965,34,28.04,
29.10.19 19:04:22,"3,08",204.12,191.27,201.35,213.77,198.28,211.89,187.64,205.67,204.74,204.43,201.66,207.84,196.75,216.91,196.44,207.84,199.2,175.99,204.74,209.08,228.35,220.07,217.23,219.44,,28,965,34,28.01,
29.10.19 19:04:38,"3,35",205.36,191.57,201.35,215.03,198.89,211.58,187.94,206.91,204.74,204.43,200.73,208.15,197.97,219.44,195.53,207.53,197.36,177.17,201.35,208.77,226.75,221.65,220.07,222.92,,28,965,34,28.03,
29.10.19 19:04:53,"3,6",204.12,190.06,201.35,215.65,199.81,212.83,187.34,205.05,207.53,204.12,200.12,209.08,199.81,218.17,195.53,206.29,200.43,177.77,202.89,207.84,231.56,223.24,219.44,223.24,,28,965,34,28.01,
29.10.19 19:05:08,"3,85",204.74,190.66,201.04,214.71,199.81,213.14,187.04,207.22,206.91,204.12,202.58,206.29,198.89,218.49,195.22,205.98,201.66,177.17,202.89,209.4,229.63,224.83,222.29,219.12,,28,965,34,27.99,
29.10.19 19:05:23,"4,1",205.05,189.45,201.66,215.65,198.58,213.14,186.44,206.91,206.29,205.36,201.96,206.6,198.89,221.34,196.14,206.29,199.5,178.36,201.96,206.91,228.03,224.19,220.7,221.34,,28,965,34,27.97,
29.10.19 19:05:39,"4,37",204.43,190.06,201.66,214.08,197.97,213.14,185.23,206.29,205.67,204.43,199.5,206.29,198.58,221.34,194,205.36,201.35,175.1,202.89,209.71,230.27,224.83,220.07,220.39,,28,965,34,27.97,
29.10.19 19:05:54,"4,62",205.05,190.36,200.43,215.65,201.66,213.14,183.43,204.74,205.67,203.5,200.43,207.84,200.73,219.44,195.22,206.91,200.12,177.17,203.2,207.22,229.63,224.83,220.7,221.34,,28,965,34,27.96,
29.10.19 19:06:09,"4,87",204.12,190.66,199.2,214.4,200.73,215.03,184.33,207.53,205.05,202.89,200.43,206.6,199.2,218.8,195.53,205.67,200.12,173.92,201.35,209.08,229.63,223.88,222.29,222.29,,28,965,34,27.93,
29.10.19 19:06:24,"5,12",204.43,189.45,201.35,214.71,201.35,214.71,184.93,205.98,206.29,205.36,201.04,208.46,201.96,221.34,196.44,208.46,202.27,173.62,201.04,206.29,228.99,223.24,221.65,223.24,,28,965,34,27.94,
29.10.19 19:06:39,"5,37",204.74,188.24,199.81,215.65,199.5,214.08,184.03,206.29,206.6,204.43,199.5,205.98,200.43,221.65,194,207.22,199.81,171.85,199.5,207.84,228.67,221.97,220.07,220.07,,28,965,34,27.93,
29.10.19 19:06:55,"5,63",205.05,189.15,199.81,215.03,198.28,215.03,183.73,204.12,205.36,204.43,200.12,206.6,197.36,221.02,194.61,205.67,201.35,169.79,201.35,205.36,230.27,222.92,222.92,223.56,,28,965,34,27.93,
29.10.19 19:07:10,"5,88",204.43,187.34,198.28,215.03,198.58,214.4,185.23,205.36,206.6,203.2,200.12,206.91,199.2,221.65,194.31,207.53,200.43,169.5,202.58,207.53,229.95,224.51,221.97,223.56,,28,965,34,27.9,
29.10.19 19:07:25,"6,13",203.5,187.64,198.89,216.28,198.28,214.08,183.73,204.74,205.98,204.43,199.5,208.46,197.97,221.34,192.48,207.84,198.58,171.56,202.58,210.02,227.71,222.92,220.39,223.24,,28,965,34,27.93,
29.10.19 19:07:40,"6,38",204.74,189.76,197.67,215.34,197.97,215.03,184.33,202.89,206.6,204.43,199.81,206.6,199.81,221.34,195.22,206.29,200.12,172.15,200.73,206.91,231.23,223.88,221.97,224.19,,28,965,34,27.9,
29.10.19 19:07:56,"6,65",204.74,187.94,197.36,215.65,198.89,213.46,181.94,205.98,207.84,205.05,200.43,206.6,197.97,221.02,193.39,204.12,199.81,172.15,202.89,210.96,230.27,227.07,223.24,224.19,,28,965,34,27.9,
29.10.19 19:08:11,"6,9",203.81,189.15,197.67,214.4,199.5,213.46,182.84,205.05,206.6,203.81,197.05,206.29,199.81,220.07,195.53,205.36,201.96,171.56,197.67,209.4,229.31,224.51,224.83,226.11,,28,965,34,27.89,
29.10.19 19:08:26,"7,15",204.74,188.24,195.22,216.28,197.97,216.28,182.54,204.12,207.84,203.5,198.28,208.15,198.58,222.6,194,205.98,201.35,169.79,198.58,210.02,231.88,225.47,222.29,224.19,,28,965,34,27.88,
29.10.19 19:08:41,"7,4",204.12,188.24,195.22,216.91,198.89,215.97,182.54,203.2,206.6,203.2,196.14,206.29,199.2,219.75,191.88,206.91,201.96,170.97,199.5,208.46,231.88,225.47,223.56,222.29,,28,965,34,27.88,
29.10.19 19:08:57,"7,67",204.12,187.64,195.53,216.28,199.81,215.03,181.94,203.81,206.6,204.74,197.05,204.43,199.5,222.92,193.09,206.6,201.66,170.09,200.12,210.33,234.14,228.03,220.7,222.92,,28,965,34,27.88,
29.10.19 19:09:12,"7,92",204.12,186.44,195.83,214.71,198.28,214.08,180.15,202.89,205.36,203.81,196.44,205.98,197.67,220.07,194.92,206.29,201.35,169.21,200.43,209.08,232.52,224.51,226.11,220.7,,28,965,34,27.86,
29.10.19 19:09:27,"8,17",204.12,187.04,195.83,216.28,199.81,215.34,178.96,201.35,205.98,204.12,196.14,206.91,200.73,221.02,194.61,206.6,199.2,167.74,199.5,210.02,229.95,226.11,226.75,222.92,,28,965,34,27.86,
29.10.19 19:09:42,"8,42",203.81,187.04,195.53,216.91,197.36,215.65,179.25,202.27,206.29,203.81,196.14,206.6,200.43,221.34,195.22,206.6,202.58,164.24,198.58,207.22,231.23,228.99,223.88,222.6,,28,965,34,27.86,
29.10.19 19:09:58,"8,68",204.12,187.04,194.92,215.65,197.67,213.77,178.96,201.35,207.53,202.89,196.14,205.67,198.28,221.34,191.27,207.53,199.81,166.87,199.5,209.08,228.99,225.15,221.34,222.92,,28,965,34,27.86,
29.10.19 19:10:13,"8,93",203.81,187.34,196.44,217.54,198.28,215.34,177.77,199.5,205.98,203.2,195.22,205.98,197.67,221.65,194,209.4,202.27,164.24,197.97,205.98,231.88,224.51,222.92,223.24,,28,965,34,27.85,
29.10.19 19:10:28,"9,18",203.81,186.74,194.92,216.28,196.75,214.08,177.47,200.43,205.05,203.81,195.22,206.6,197.97,221.34,192.18,206.29,200.73,166.87,199.5,209.71,229.63,224.83,225.47,225.79,,28,965,34,27.85,
29.10.19 19:10:43,"9,43",204.43,188.24,195.22,215.97,196.44,213.14,177.47,199.2,207.22,204.43,196.44,205.98,198.58,223.56,193.7,207.53,200.12,163.37,195.83,210.02,232.84,228.03,223.88,226.43,,28,965,34,27.83,
29.10.19 19:10:59,"9,7",203.81,188.24,197.05,216.91,196.75,215.65,177.17,198.89,204.43,203.81,196.14,205.05,198.58,221.34,194,204.74,200.12,163.66,197.97,209.71,230.27,225.47,222.29,227.07,,28,965,34,27.83,
29.10.19 19:11:14,"9,95",204.43,190.06,195.53,216.28,194.92,216.6,177.47,199.2,206.6,203.81,194.61,204.74,195.53,222.6,190.36,206.29,201.96,164.24,197.05,207.84,229.63,229.95,223.88,226.43,,28,965,34,27.83,
29.10.19 19:11:29,"10,2",202.89,188.24,196.14,214.71,196.14,215.34,175.69,198.58,206.6,201.96,195.22,204.12,196.75,220.39,191.27,207.84,198.58,164.53,195.53,209.71,233.49,228.99,225.15,224.51,,28,965,34,27.83,
29.10.19 19:11:44,"10,45",203.2,187.64,195.22,215.65,196.14,215.03,175.99,198.58,205.98,203.81,195.53,205.05,198.28,221.65,192.18,206.6,199.81,163.95,195.83,208.46,233.49,227.07,223.56,223.24,,28,965,34,27.83,
29.10.19 19:11:59,"10,7",202.27,187.64,196.14,215.97,194.92,216.28,174.21,196.75,205.67,205.05,194.92,205.05,196.75,222.29,192.18,208.15,200.12,162.21,194.61,207.84,232.84,227.39,225.15,223.88,,28,965,34,27.82,
29.10.19 19:12:15,"10,97",202.58,187.04,194.92,215.03,197.05,216.28,174.8,195.22,205.05,204.74,196.14,201.96,196.44,221.97,190.66,206.91,200.12,161.34,196.75,207.84,234.78,225.79,223.56,225.15,,28,965,34,27.82,
29.10.19 19:12:30,"11,22",203.2,187.94,195.22,215.97,194.31,216.28,174.8,197.67,205.67,202.27,195.22,201.96,197.36,223.56,191.57,205.67,198.89,159.89,194.31,209.08,233.49,225.47,225.79,224.51,,28,965,34,27.8,
29.10.19 19:12:45,"11,47",201.04,188.55,196.44,215.03,194.61,214.4,173.33,194.31,207.84,203.2,193.39,204.74,196.14,220.39,187.94,209.08,200.43,159.31,194.61,209.08,233.49,230.59,223.56,225.15,,28,965,34,27.8,
29.10.19 19:13:00,"11,72",202.89,189.45,195.83,216.6,196.44,214.4,172.44,196.75,205.36,202.58,193.09,203.81,198.58,221.65,190.36,205.05,200.43,159.02,195.53,211.58,232.52,225.47,222.29,224.51,,28,965,34,27.82,
29.10.19 19:13:15,"11,97",202.89,188.85,195.83,215.65,195.22,215.03,173.03,195.83,204.74,201.96,195.83,201.35,197.67,221.65,190.06,203.81,198.58,159.31,194.31,205.05,232.52,227.07,224.83,222.92,,28,965,34,27.8,
29.10.19 19:13:31,"12,23",203.2,187.94,197.67,215.03,194.61,215.97,173.33,195.22,206.6,202.58,194.61,204.12,197.05,221.65,187.34,206.29,199.2,157.58,192.48,208.77,235.11,226.11,224.83,222.92,,28,965,34,27.79,
29.10.19 19:13:46,"12,48",201.66,189.15,197.36,214.71,194.92,215.03,170.38,196.44,206.6,201.96,193.7,201.96,195.83,222.29,186.44,203.81,199.2,156.43,191.27,210.64,232.52,229.63,222.6,228.03,,28,965,34,27.79,
29.10.19 19:14:01,"12,73",202.58,189.15,197.36,215.97,194,215.97,170.09,195.53,206.6,201.96,193.09,200.12,197.05,222.92,188.55,204.43,199.2,154.13,192.48,210.64,236.73,226.11,223.56,225.79,,28,965,34,27.8,
29.10.19 19:14:17,"13,0",201.96,189.45,197.36,215.65,194.92,215.65,171.85,195.53,206.29,200.73,192.18,202.27,195.83,223.88,187.94,204.74,201.04,154.42,192.48,208.46,231.56,226.75,226.75,226.43,,28,965,34,27.79,
29.10.19 19:14:32,"13,25",201.96,187.94,196.75,214.08,194,215.34,170.97,194,208.15,202.58,192.18,200.73,197.67,220.07,186.44,205.36,201.04,154.71,189.76,209.71,233.17,227.07,223.88,225.79,,28,965,34,27.79,
29.10.19 19:14:47,"13,5",201.66,190.06,197.67,213.14,192.48,215.34,168.91,194.92,204.12,200.73,190.97,201.04,195.22,222.92,187.04,204.12,199.81,152.99,189.76,207.22,233.49,228.67,222.29,224.51,,28,965,34,27.79,
29.10.19 19:15:02,"13,75",201.04,189.15,198.58,214.08,191.27,214.71,168.04,193.7,205.67,199.81,190.97,201.66,196.14,221.34,185.84,200.73,195.83,156.14,188.85,209.4,233.17,225.79,221.02,226.11,,28,965,34,27.78,
29.10.19 19:15:18,"14,02",201.04,188.55,198.28,214.71,192.48,213.77,170.38,193.7,205.36,200.73,191.27,202.58,195.83,221.97,184.03,201.96,198.58,155.85,188.55,208.46,233.17,229.63,223.24,226.43,,28,965,34,27.79,
29.10.19 19:15:33,"14,27",201.04,189.45,198.89,215.03,193.09,214.4,168.33,193.39,208.15,199.5,190.97,199.5,195.83,222.6,186.14,204.74,199.2,156.43,191.27,208.15,232.52,229.63,223.88,225.47,,28,965,34,27.79,
29.10.19 19:15:48,"14,52",200.73,189.45,196.44,212.83,191.27,214.71,169.21,194,205.67,200.73,190.97,200.12,196.75,221.34,187.34,201.35,198.28,154.99,189.76,208.46,231.56,228.67,225.79,225.79,,28,965,34,27.79,
29.10.19 19:16:03,"14,77",201.66,188.85,196.44,213.77,190.97,213.77,169.21,194,207.22,200.12,191.27,199.5,195.83,222.92,185.53,200.73,196.75,156.43,189.45,207.22,232.52,229.63,222.29,225.15,,28,965,34,27.79,
29.10.19 19:16:19,"15,03",199.81,190.66,198.58,213.77,189.45,212.83,168.33,192.48,207.22,200.12,192.18,198.58,194.61,222.92,185.84,201.96,196.75,157,189.76,207.53,232.52,227.07,227.39,228.03,,28,965,34,27.79,
29.10.19 19:16:34,"15,28",200.43,189.76,197.05,214.71,189.76,215.03,168.04,190.97,205.98,199.81,191.57,199.5,195.83,222.29,183.73,202.27,198.58,156.72,191.57,207.84,235.11,230.59,224.51,228.35,,28,965,34,27.79,
29.10.19 19:16:49,"15,53",200.43,188.55,198.58,211.89,189.15,212.83,166.87,192.48,205.98,199.2,190.66,200.43,194,222.29,183.73,200.73,196.14,154.99,188.85,210.02,233.49,229.63,223.88,225.79,,28,965,34,27.79,
29.10.19 19:17:04,"15,78",199.81,190.66,197.97,212.83,187.64,213.46,166.57,192.79,203.81,201.66,192.48,198.28,192.18,224.19,184.03,200.12,195.53,155.85,187.04,207.53,235.43,230.91,224.83,225.15,,28,965,34,27.78,
29.10.19 19:17:19,"16,03",199.5,190.06,196.44,214.08,188.55,213.14,168.04,190.97,204.74,198.89,190.06,199.2,194,225.47,183.73,200.43,196.75,156.14,188.85,210.02,235.11,228.67,223.88,226.43,,28,965,34,27.76,
29.10.19 19:17:35,"16,3",199.2,188.85,196.14,212.83,186.14,214.08,167.16,191.57,205.67,199.5,190.36,198.89,191.88,221.97,182.84,199.2,197.05,156.14,188.55,207.53,233.17,226.75,224.83,226.75,,28,965,34,27.78,
29.10.19 19:17:50,"16,55",198.89,190.36,196.14,212.52,190.06,212.2,166.28,191.27,204.43,197.05,188.85,199.5,194.31,222.6,183.73,198.89,194.61,157.29,187.94,208.77,234.78,230.27,223.24,224.51,,28,965,34,27.78,
29.10.19 19:18:05,"16,8",199.5,190.06,195.83,211.89,188.55,213.77,166.57,190.06,205.67,196.14,188.55,197.36,193.09,225.79,179.85,201.04,197.05,154.42,188.24,206.91,235.11,228.67,223.56,225.79,,28,965,34,27.79,
29.10.19 19:18:20,"17,05",198.28,190.06,195.83,211.89,187.64,212.2,165.11,190.66,204.74,198.89,189.76,196.44,192.79,223.88,181.04,200.43,195.22,154.99,185.23,206.29,235.11,226.11,226.11,226.75,,28,965,34,27.76,
29.10.19 19:18:36,"17,32",197.97,189.45,195.83,211.89,189.15,213.46,166.57,190.36,203.81,197.36,189.15,197.36,190.97,223.56,183.13,199.81,198.58,154.71,186.44,208.15,235.11,228.03,224.51,224.19,,28,965,34,27.78,
29.10.19 19:18:51,"17,57",198.28,188.24,197.05,211.89,187.64,213.77,165.11,189.45,204.74,196.75,188.55,196.75,192.18,222.92,181.64,201.04,196.75,155.85,188.55,208.15,236.73,229.63,222.92,227.39,,28,965,34,27.78,
29.10.19 19:19:06,"17,82",197.36,189.76,196.44,211.89,189.45,210.64,166.57,189.15,203.5,195.53,187.64,196.44,191.88,222.6,181.34,197.67,197.67,156.72,186.44,206.6,232.52,227.71,224.83,227.07,,28,965,34,27.78,
29.10.19 19:19:21,"18,07",196.75,189.15,195.53,211.27,187.94,211.58,165.99,188.55,203.5,194.31,187.94,196.75,190.06,224.51,178.06,197.67,195.22,154.99,184.93,206.91,234.14,226.11,224.51,226.75,,28,965,34,27.78,
29.10.19 19:19:37,"18,33",197.05,189.15,196.44,210.64,187.04,212.2,164.24,189.45,202.58,194,187.34,195.83,189.76,221.65,181.34,199.81,194,154.71,189.45,208.77,233.49,231.56,225.15,226.75,,28,965,34,27.76,
29.10.19 19:19:52,"18,58",196.44,189.15,194.92,212.52,186.44,210.64,163.66,188.24,204.12,192.79,188.55,194.61,190.36,222.29,179.25,198.28,194,156.43,185.53,210.64,233.49,228.67,224.51,227.71,,28,965,34,27.76,
29.10.19 19:20:07,"18,83",196.14,188.85,195.53,208.77,184.93,210.64,162.79,186.74,204.74,192.79,188.55,193.39,191.88,221.97,178.66,197.67,196.44,155.28,185.23,209.4,235.75,229.63,225.15,223.56,,28,965,34,27.76,
29.10.19 19:20:22,"19,08",194.31,189.76,194.61,210.64,186.74,210.02,162.79,187.64,202.89,192.48,185.53,193.7,190.06,222.6,178.96,197.67,195.83,155.57,182.84,207.53,236.4,227.71,224.19,226.43,,28,965,34,27.76,
29.10.19 19:20:38,"19,35",194.92,189.15,195.22,210.64,187.34,212.2,162.5,185.53,200.73,191.88,188.24,194,189.76,222.29,177.47,198.58,195.53,154.13,183.43,209.71,236.08,230.59,223.56,225.79,,28,965,34,27.76,
29.10.19 19:20:53,"19,6",193.09,190.36,194.92,209.71,186.14,209.08,162.21,187.94,202.27,191.57,187.04,191.27,190.66,221.97,178.06,198.89,195.22,154.71,184.03,207.22,234.14,227.71,224.51,225.15,,28,965,34,27.76,
29.10.19 19:21:08,"19,85",194,189.76,193.7,211.27,189.15,209.4,162.5,185.53,204.12,192.18,186.74,193.39,187.94,222.92,177.17,197.67,194.31,155.28,182.24,208.46,234.14,228.03,225.15,225.15,,28,965,34,27.76,
29.10.19 19:21:23,"20,1",194,189.15,193.39,210.02,187.94,209.71,161.34,186.14,202.27,192.18,185.53,190.66,189.45,221.97,178.06,196.75,192.79,155.85,184.63,205.98,235.11,227.71,224.51,224.19,,28,965,34,27.76,
29.10.19 19:21:38,"20,35",192.79,187.94,193.09,210.02,187.04,208.77,161.05,185.23,202.27,190.97,185.84,190.06,190.66,222.29,179.55,195.83,195.22,154.71,184.93,204.74,234.14,229.63,225.79,227.71,,28,965,34,27.76,
29.10.19 19:21:54,"20,62",194.31,189.15,193.09,208.77,187.94,207.84,159.31,185.84,201.96,190.36,186.44,191.88,187.94,223.56,178.36,196.44,193.09,155.28,185.84,204.74,236.08,226.43,225.15,226.43,,28,965,34,27.76,
29.10.19 19:22:09,"20,87",193.39,188.85,191.27,210.64,187.94,206.91,159.31,184.33,198.58,188.55,184.33,187.64,188.85,224.51,174.8,194.31,194.61,154.71,180.74,207.22,233.81,227.71,224.83,223.56,,28,965,34,27.76,
29.10.19 19:22:24,"21,12",192.79,186.74,191.88,210.33,188.85,207.22,161.63,182.24,201.96,189.45,184.63,189.15,187.94,221.02,173.92,193.39,193.7,156.43,181.64,207.53,235.11,229.63,222.6,227.39,,28,965,34,27.76,
29.10.19 19:22:40,"21,38",193.7,188.55,191.88,209.4,186.74,207.22,158.45,183.43,201.96,188.24,186.14,187.64,190.36,221.65,175.69,195.53,192.79,156.43,180.15,207.22,235.11,231.56,223.56,227.07,,28,965,34,27.76,
29.10.19 19:22:55,"21,63",191.57,186.44,190.36,209.08,187.34,207.22,159.31,182.84,202.58,188.85,185.84,188.55,187.94,224.19,175.69,192.48,194.31,156.43,180.45,209.08,236.08,226.11,221.02,228.03,,28,965,34,27.76,
29.10.19 19:23:10,"21,88",192.79,186.74,190.36,210.64,184.63,205.98,159.02,181.94,200.73,187.04,185.23,189.15,188.55,222.29,173.92,194.92,194.61,155.85,180.45,206.29,232.52,228.03,226.43,226.43,,28,965,34,27.76,
29.10.19 19:23:25,"22,13",191.27,186.14,190.97,211.27,187.04,204.43,158.16,181.64,199.81,189.15,184.63,188.85,189.45,221.34,172.44,191.88,193.39,154.42,180.74,208.46,235.75,228.67,223.88,223.88,,28,965,34,27.76,
29.10.19 19:23:41,"22,4",191.27,185.84,192.48,209.71,187.64,205.98,157.87,179.85,201.66,186.44,184.03,189.76,186.44,222.6,172.74,193.09,191.27,154.42,180.15,205.98,235.75,229.31,222.29,225.79,,28,965,34,27.76,
29.10.19 19:23:56,"22,65",191.57,184.63,191.27,210.33,187.04,202.58,156.72,181.94,198.28,187.64,182.24,188.85,187.34,221.65,172.15,193.09,189.76,152.41,179.55,207.84,235.11,229.63,224.19,225.79,,28,965,34,27.76,
29.10.19 19:24:11,"22,9",189.76,185.53,191.88,210.33,185.53,202.58,156.72,180.45,200.12,186.74,182.84,189.76,187.34,221.65,171.26,191.27,190.97,152.99,178.96,207.53,237.7,230.59,223.88,226.75,,28,965,34,27.76,
29.10.19 19:24:26,"23,15",188.85,183.73,191.27,207.53,185.53,202.89,155.57,179.55,199.2,187.04,182.54,187.64,184.63,220.07,170.97,191.27,191.27,153.84,178.06,208.15,234.78,227.71,224.83,223.56,,28,965,34,27.76,
29.10.19 19:24:41,"23,4",190.97,182.24,190.66,208.15,184.33,203.81,155.28,180.74,198.58,188.55,181.94,187.94,189.76,222.92,172.44,192.18,191.88,153.84,178.66,207.84,235.11,229.95,224.51,221.97,,28,965,34,27.76,
29.10.19 19:24:57,"23,67",189.45,184.63,191.57,209.71,183.13,203.81,154.71,181.94,199.5,185.53,181.64,188.24,185.53,222.29,170.97,191.57,190.97,152.41,178.36,208.77,231.88,231.56,224.19,226.75,,28,965,34,27.76,
29.10.19 19:25:12,"23,92",188.85,184.33,190.97,208.46,184.93,202.27,154.99,181.04,199.81,186.14,181.34,187.34,187.34,221.02,171.56,190.66,193.09,151.56,177.17,208.46,232.84,231.56,224.83,227.71,,28,965,34,27.78,
29.10.19 19:25:27,"24,17",189.76,183.13,191.88,207.22,185.23,203.2,154.42,179.25,199.81,185.84,181.34,187.64,188.55,222.92,170.97,188.24,190.36,152.41,178.96,205.67,237.7,230.59,221.65,224.19,,28,965,34,27.76,
29.10.19 19:25:42,"24,42",187.94,183.73,191.27,208.15,185.23,200.43,155.28,180.74,199.2,186.44,180.74,185.84,186.44,221.34,171.26,188.85,192.48,152.41,177.47,207.84,234.46,225.47,224.19,225.15,,28,965,34,27.76,
29.10.19 19:25:58,"24,68",189.45,181.94,190.66,208.46,184.03,199.5,154.42,180.15,198.89,186.74,180.15,187.34,185.84,220.07,169.79,190.66,192.79,152.41,178.36,205.98,234.14,231.23,223.88,225.79,,28,965,34,27.78,
29.10.19 19:26:13,"24,93",188.24,183.13,191.88,206.6,185.23,199.2,153.84,178.96,199.5,184.33,181.04,186.44,187.34,222.92,166.87,188.24,192.79,150.7,176.88,204.43,236.73,229.63,223.88,224.83,,28,965,34,27.76,
29.10.19 19:26:28,"25,18",187.34,183.13,190.97,205.67,184.03,197.36,152.13,178.66,197.05,184.33,182.84,185.84,187.64,220.07,168.33,187.94,189.45,151.27,174.21,206.6,235.75,230.27,223.24,223.56,,28,965,34,27.76,
29.10.19 19:26:44,"25,45",187.94,182.24,190.97,207.22,185.23,198.28,151.56,178.96,199.5,185.23,181.04,186.44,186.14,221.65,165.99,189.15,190.36,150.7,174.21,207.53,236.73,227.07,224.19,226.75,,28,965,34,27.76,
29.10.19 19:26:59,"25,7",187.04,182.24,189.45,205.98,182.24,197.67,152.41,178.06,195.53,184.33,182.54,184.63,186.74,221.02,166.87,189.45,189.15,151.27,175.1,207.22,232.52,229.63,223.24,224.19,,28,965,34,27.76,
29.10.19 19:27:14,"25,95",187.64,183.13,189.45,204.74,185.23,197.97,151.27,179.25,198.58,182.54,181.04,187.04,186.14,222.29,165.11,188.24,190.66,151.56,176.58,205.98,235.11,228.03,223.88,225.79,,28,965,34,27.76,
29.10.19 19:27:29,"26,2",186.14,183.73,189.45,205.98,184.63,196.75,150.13,178.06,196.14,181.94,181.64,186.74,184.93,220.39,164.24,184.93,189.76,149.85,174.8,205.05,235.11,226.11,225.15,227.71,,28,965,34,27.78,
29.10.19 19:27:45,"26,47",186.44,182.54,189.45,205.36,181.34,197.97,150.7,178.06,195.83,182.24,181.34,186.14,185.84,220.07,164.53,187.34,190.66,148.42,170.97,208.77,238.35,228.67,222.92,227.39,,28,965,34,27.76,
29.10.19 19:28:00,"26,72",186.14,184.63,190.36,205.98,183.73,196.44,150.7,177.17,196.75,182.84,181.94,185.23,185.53,221.65,165.7,185.53,190.36,150.13,173.92,207.84,235.75,229.63,223.88,225.79,,28,965,34,27.78,
29.10.19 19:28:15,"26,97",184.63,183.73,188.55,205.67,182.54,194,149.85,177.47,197.67,181.64,181.04,184.33,185.84,220.39,165.11,184.33,188.85,150.7,172.74,206.6,235.11,226.11,225.47,224.83,,28,965,34,27.76,
29.10.19 19:28:30,"27,22",184.63,184.03,190.36,207.22,184.63,194.61,151.84,175.99,197.36,182.54,181.34,185.23,183.73,219.75,163.95,184.03,188.55,150.42,170.09,204.43,235.11,226.11,223.56,227.07,,28,965,34,27.78,
29.10.19 19:28:46,"27,48",184.03,183.43,189.76,205.36,182.24,192.48,150.99,175.39,195.83,179.85,181.04,184.33,184.63,220.7,163.66,185.84,190.06,147.29,172.15,207.53,235.75,228.67,225.15,230.27,,28,965,34,27.78,
29.10.19 19:29:01,"27,73",183.73,184.03,189.45,207.53,184.93,193.7,151.27,175.39,194.92,178.96,181.04,182.84,184.63,221.65,162.79,186.14,188.55,147.29,172.44,206.6,235.75,227.71,224.51,222.92,,28,965,34,27.78,
29.10.19 19:29:16,"27,98",183.43,183.13,189.45,205.98,182.54,195.22,151.56,175.69,196.14,180.74,178.36,182.84,183.13,220.39,163.66,184.33,188.55,149.28,170.09,204.43,234.14,231.56,224.19,227.71,,28,965,34,27.76,
29.10.19 19:29:31,"28,23",182.24,183.73,189.15,205.98,179.85,194.31,152.7,174.8,195.83,177.77,180.15,183.43,182.24,219.44,162.5,184.33,188.85,147.29,172.74,204.74,234.78,229.31,224.83,225.47,,28,965,34,27.76,
29.10.19 19:29:47,"28,5",182.24,182.54,190.06,206.29,180.45,193.09,151.27,175.69,194,179.55,179.25,181.94,182.24,221.02,162.5,184.03,188.55,148.14,169.5,204.12,235.11,227.07,223.56,228.67,,28,965,34,27.76,
29.10.19 19:30:02,"28,75",181.64,184.03,187.94,204.74,180.45,193.39,152.7,174.21,193.09,178.06,179.85,182.24,181.64,220.7,162.5,184.63,188.85,149.56,172.15,203.5,233.17,225.15,223.88,227.39,,28,965,34,27.78,
29.10.19 19:30:17,"29,0",181.94,184.03,189.76,206.6,180.15,193.7,153.56,173.62,191.57,178.06,181.04,183.13,184.93,221.65,161.05,183.13,189.15,147,171.56,209.08,236.73,228.99,224.51,227.71,,28,965,34,27.78,
29.10.19 19:30:32,"29,25",181.94,184.03,187.64,206.6,179.55,193.09,151.56,173.33,192.48,177.17,178.36,182.84,183.43,218.8,161.05,182.24,187.64,147,171.85,207.53,234.78,228.67,226.43,227.07,,28,965,34,27.76,
29.10.19 19:30:47,"29,5",181.64,183.73,188.55,205.05,179.25,192.79,152.99,172.44,191.57,178.36,179.85,182.54,181.94,221.02,161.92,179.55,188.55,147,169.21,204.74,235.11,227.71,223.56,230.27,,28,965,34,27.78,
29.10.19 19:31:03,"29,77",180.74,184.33,188.55,206.6,178.66,192.48,154.13,170.97,194,177.47,180.15,183.13,183.73,219.44,161.05,184.63,189.15,145.3,170.09,206.91,236.08,230.59,223.24,228.35,,28,965,34,27.78,
29.10.19 19:31:18,"30,02",180.15,183.13,187.94,205.05,177.77,192.18,150.99,171.26,191.88,175.39,178.36,184.03,180.74,221.65,161.63,181.64,186.74,145.3,167.45,208.77,233.49,226.11,223.88,228.67,,28,965,34,27.78,
29.10.19 19:31:33,"30,27",180.15,182.84,188.24,206.91,178.06,191.27,151.56,171.26,192.18,175.1,177.47,182.54,181.34,221.02,159.89,183.73,186.44,145.87,168.91,205.36,236.73,230.59,222.29,224.51,,28,965,34,27.79,
29.10.19 19:31:48,"30,52",179.25,182.54,187.04,206.91,175.99,189.76,150.7,171.85,190.66,174.21,177.47,183.13,179.55,221.02,158.73,181.34,186.74,144.46,167.74,207.22,236.73,228.67,223.56,225.79,,28,965,34,27.78,
29.10.19 19:32:04,"30,78",178.96,183.43,187.34,205.98,178.06,190.36,150.7,170.97,192.18,174.21,178.36,182.54,181.34,218.49,161.05,181.64,187.34,145.87,166.28,205.05,235.11,227.07,223.24,227.07,,28,965,34,27.78,
29.10.19 19:32:19,"31,03",178.06,182.54,186.14,206.6,175.99,189.76,150.42,171.56,190.06,175.69,178.06,182.24,180.74,219.75,157.58,183.73,186.44,143.61,168.33,205.98,236.73,228.67,224.83,226.11,,28,965,34,27.79,
29.10.19 19:32:34,"31,28",178.66,183.43,187.04,206.6,176.88,188.85,150.7,171.56,189.15,174.8,177.77,182.54,180.15,219.44,158.45,181.04,183.73,140.23,167.74,207.22,235.43,228.03,224.51,226.75,,28,965,34,27.79,
29.10.19 19:32:49,"31,53",176.58,181.64,187.04,205.36,175.39,189.45,149.85,169.21,187.04,175.69,176.88,180.15,179.85,220.07,158.16,180.15,187.04,138.55,166.28,204.43,235.75,228.67,224.19,228.67,,28,965,34,27.78,
29.10.19 19:33:05,"31,8",177.47,181.94,186.14,205.36,174.21,188.85,147.86,171.26,189.45,173.62,177.17,182.84,178.96,219.75,154.99,180.74,186.74,138.27,166.28,208.15,236.73,228.99,224.83,226.75,,28,965,34,27.78,
29.10.19 19:33:20,"32,05",177.77,182.24,184.63,204.43,175.1,189.76,148.42,169.5,188.85,174.8,176.88,180.45,176.58,220.39,156.14,179.55,183.43,137.43,166.57,206.6,235.75,228.67,223.24,225.15,,28,965,34,27.78,
29.10.19 19:33:35,"32,3",176.88,181.64,185.84,205.98,173.92,189.15,148.71,170.38,189.76,173.92,179.25,179.55,176.88,220.07,153.56,178.36,184.03,136.87,167.16,205.05,234.14,226.75,222.92,226.11,,28,965,34,27.79,
29.10.19 19:33:50,"32,55",177.17,182.84,185.53,205.67,174.51,187.94,147.86,170.97,190.36,175.39,178.06,181.04,177.47,218.8,155.57,179.85,184.33,135.48,166.28,205.36,235.43,230.91,224.19,228.03,,28,965,34,27.79,
29.10.19 19:34:05,"32,8",175.39,182.84,184.63,205.05,172.74,188.55,148.14,168.91,187.64,174.51,177.77,178.96,176.28,217.86,155.28,181.04,183.43,136.04,165.7,206.91,233.17,230.27,225.15,226.11,,28,965,34,27.79,
29.10.19 19:34:21,"33,07",175.99,181.94,185.23,204.12,173.03,186.44,148.14,166.87,186.14,175.99,177.77,181.34,176.58,220.39,154.99,178.96,184.93,135.2,164.82,207.53,232.84,231.56,226.11,228.35,,28,965,34,27.78,
29.10.19 19:34:36,"33,32",175.39,181.34,184.33,204.12,173.62,188.55,147,168.91,187.64,173.03,176.28,179.25,175.39,217.23,154.99,176.58,185.23,133.81,163.95,205.05,235.75,228.67,224.51,227.07,,28,965,34,27.78,
29.10.19 19:34:51,"33,57",173.92,180.45,182.84,204.74,175.69,186.74,147.57,167.45,188.85,173.62,176.58,178.96,173.62,217.86,153.27,179.85,184.03,133.53,162.5,206.6,235.75,228.67,223.24,224.19,,28,965,34,27.79,
29.10.19 19:35:07,"33,83",173.62,181.04,183.73,205.36,174.21,184.93,146.15,168.04,186.14,172.44,175.69,179.25,175.39,217.86,153.27,174.51,181.64,131.59,165.41,207.22,234.14,229.63,221.65,226.43,,28,965,34,27.79,
29.10.19 19:35:22,"34,08",174.21,179.55,183.43,205.05,172.44,187.34,147,166.28,186.14,172.15,177.47,178.36,173.62,218.49,151.84,178.36,184.33,131.04,164.53,207.53,236.08,230.59,223.24,226.11,,28,965,34,27.79,
29.10.19 19:35:37,"34,33",173.33,180.15,182.54,205.05,174.21,187.04,148.14,166.87,188.24,173.33,176.58,178.96,175.39,217.86,152.41,177.47,181.64,129.65,164.53,207.53,235.11,229.63,224.19,227.71,,28,965,34,27.79,
29.10.19 19:35:52,"34,58",172.74,182.84,182.24,204.12,172.44,185.23,146.44,167.16,185.84,173.03,177.17,176.28,172.74,218.49,150.7,177.77,183.43,129.38,161.34,205.98,234.78,226.75,222.92,226.11,,28,965,34,27.79,
29.10.19 19:36:08,"34,85",173.33,180.45,181.94,205.36,173.33,185.84,146.15,166.57,188.24,171.26,176.88,176.58,173.62,215.97,149.28,174.8,184.63,127.72,163.66,203.2,236.73,227.71,222.29,227.71,,28,965,34,27.79,
29.10.19 19:36:23,"35,1",173.33,180.15,181.04,204.43,171.85,185.23,145.02,167.16,185.53,170.68,177.77,174.8,174.21,220.39,147.86,174.21,183.73,128.82,163.95,203.5,233.49,227.07,222.29,228.03,,28,965,34,27.79,
29.10.19 19:36:38,"35,35",170.97,179.25,178.96,205.36,170.38,185.53,143.61,167.45,187.34,169.5,177.17,175.69,173.03,216.6,149.28,172.74,181.64,128.55,162.5,205.36,238.35,226.11,223.24,226.43,,28,965,34,27.79,
29.10.19 19:36:53,"35,6",171.85,180.45,180.45,203.2,171.56,185.23,145.02,164.82,184.33,170.38,176.28,175.69,173.92,218.49,148.71,175.1,181.34,128.27,160.76,203.5,236.4,228.67,222.29,227.71,,28,965,34,27.79,
29.10.19 19:37:09,"35,87",171.56,180.45,179.25,204.12,170.68,183.13,145.59,165.7,185.23,168.04,176.28,175.39,172.15,218.17,148.71,174.21,181.94,127.17,162.21,204.43,233.81,230.27,221.34,226.75,,28,965,34,27.79,
29.10.19 19:37:24,"36,12",171.56,180.74,178.06,204.74,169.79,185.53,143.61,165.99,185.23,169.5,176.88,173.03,174.21,219.44,147,173.62,182.54,127.45,162.5,203.81,236.08,228.03,222.29,228.03,,28,965,34,27.79,
29.10.19 19:37:39,"36,37",172.44,179.55,179.25,204.12,171.26,184.93,143.89,165.99,184.03,168.04,174.51,174.51,172.15,218.8,145.87,173.92,181.34,127.17,161.92,205.67,237.05,228.99,222.29,226.75,,28,965,34,27.79,
29.10.19 19:37:54,"36,62",171.56,179.85,177.77,203.5,170.09,184.93,142.48,165.11,183.73,170.38,176.28,174.21,173.92,217.54,147.29,171.56,182.54,125.25,162.79,205.67,236.08,228.99,222.6,225.47,,28,965,34,27.8,
29.10.19 19:38:10,"36,88",172.44,179.55,177.17,204.12,170.68,182.84,140.79,163.66,184.03,168.62,174.51,173.33,170.68,217.86,146.44,170.09,179.25,124.7,161.34,205.36,236.08,228.03,221.34,224.19,,28,965,34,27.8,
29.10.19 19:38:25,"37,13",170.09,178.96,175.99,203.81,168.62,183.43,140.79,164.53,185.53,167.74,174.8,173.03,171.85,216.6,145.3,169.5,181.04,124.7,161.63,206.6,237.7,228.03,225.15,228.67,,28,965,34,27.79,
29.10.19 19:38:40,"37,38",169.21,180.15,175.69,202.89,168.91,181.94,139.95,162.79,183.13,168.33,174.21,172.44,170.09,218.49,146.72,170.09,179.25,122.78,159.89,204.43,237.37,230.59,223.88,224.19,,28,965,34,27.79,
29.10.19 19:38:55,"37,63",169.79,178.96,175.1,204.12,170.97,183.73,139.67,162.79,184.03,166.28,175.1,170.38,171.26,217.86,145.02,169.79,180.45,121.96,158.73,203.5,238.35,229.63,223.88,227.71,,28,965,34,27.79,
29.10.19 19:39:11,"37,9",169.21,178.06,175.1,204.74,169.21,184.63,137.15,162.79,183.43,166.57,173.03,170.38,170.38,216.28,143.61,169.21,180.74,124.15,157.87,205.98,236.4,231.88,221.02,227.39,,28,965,34,27.79,
29.10.19 19:39:26,"38,15",168.04,177.17,173.03,203.81,169.5,182.54,136.87,164.24,183.13,166.57,173.92,169.79,168.91,217.23,144.74,165.99,179.85,123.33,159.31,204.12,235.75,227.71,222.92,224.51,,28,965,34,27.8,
29.10.19 19:39:41,"38,4",168.04,179.55,173.33,203.2,169.21,184.03,135.76,163.66,184.03,166.87,173.33,167.16,170.68,215.65,143.61,168.33,180.45,123.88,158.16,202.89,236.73,228.03,225.15,225.47,,28,965,34,27.82,
29.10.19 19:39:56,"38,65",167.74,178.06,170.68,204.12,169.5,180.74,136.59,162.79,181.64,165.99,172.74,167.45,169.21,217.23,143.61,169.79,178.36,124.43,157.29,202.58,234.78,225.15,222.92,226.43,,28,965,34,27.8,
29.10.19 19:40:12,"38,92",166.87,178.96,171.26,202.89,169.5,182.24,137.99,163.95,182.84,166.87,173.92,165.99,169.79,217.54,142.2,165.7,179.85,124.15,159.6,203.5,235.11,229.63,222.6,227.39,,28,965,34,27.82,
29.10.19 19:40:27,"39,17",166.28,178.06,170.38,203.2,169.5,182.84,137.43,164.24,181.04,165.7,171.85,168.04,168.33,214.71,142.76,165.7,179.25,123.33,158.16,204.12,237.37,231.23,221.97,225.79,,28,965,34,27.82,
29.10.19 19:40:42,"39,42",165.41,177.77,168.91,201.66,167.16,181.34,136.87,162.5,182.24,165.7,169.79,165.41,169.5,217.86,141.64,167.45,177.47,122.51,158.73,203.5,236.4,226.11,224.51,223.24,,28,965,34,27.8,
29.10.19 19:40:57,"39,67",165.11,177.47,167.45,203.2,168.62,181.34,136.59,161.34,179.85,165.99,170.68,166.87,167.45,213.46,141.36,167.74,177.17,123.33,159.31,202.89,237.05,227.39,222.92,224.83,,28,965,34,27.8,
29.10.19 19:41:13,"39,93",164.53,178.96,167.74,203.81,164.53,181.34,137.15,162.21,182.24,165.11,170.38,168.62,168.91,215.97,140.51,166.28,179.85,123.33,158.73,202.58,235.75,229.63,222.29,227.39,,28,965,34,27.82,
29.10.19 19:41:28,"40,18",164.24,177.77,168.62,202.89,164.82,181.34,136.59,162.21,179.55,165.7,170.68,167.45,167.16,215.34,140.51,165.99,178.06,122.24,159.02,204.74,237.7,226.11,223.24,227.07,,28,965,34,27.82,
29.10.19 19:41:43,"40,43",164.24,178.06,167.45,201.66,164.53,181.64,136.87,161.63,181.04,165.99,168.91,166.87,169.21,215.97,139.95,165.99,178.66,122.24,157.87,203.2,233.17,227.71,220.39,223.24,,28,965,34,27.82,
29.10.19 19:41:58,"40,68",163.08,176.88,166.28,201.35,162.5,179.55,135.2,161.92,178.66,164.82,169.79,165.99,168.04,215.03,137.99,164.24,175.99,121.96,156.72,203.5,236.4,227.39,221.97,228.03,,28,965,34,27.82,
29.10.19 19:42:14,"40,95",164.24,178.06,165.99,201.66,163.66,180.45,135.76,159.89,180.15,164.24,169.79,164.24,166.28,215.65,140.23,163.37,178.66,122.51,156.43,203.2,237.7,228.03,220.07,224.51,,28,965,34,27.83,
29.10.19 19:42:29,"41,2",163.37,177.47,165.99,201.04,161.05,179.55,136.59,161.05,180.15,164.82,169.79,165.99,166.28,212.52,137.99,162.21,178.06,121.42,159.31,203.81,239.32,226.11,221.02,223.88,,28,965,34,27.82,
29.10.19 19:42:44,"41,45",162.21,178.66,165.99,202.89,161.05,181.04,137.99,160.18,179.55,163.95,169.5,167.16,166.87,215.03,139.11,164.53,179.55,120.87,159.6,204.12,236.73,228.99,221.97,228.67,,28,965,34,27.83,
29.10.19 19:42:59,"41,7",162.5,177.47,164.82,202.27,161.34,180.15,137.99,160.76,178.06,163.08,169.5,165.11,167.45,213.77,138.55,163.37,175.1,121.69,157,202.27,235.11,227.07,224.51,227.07,,28,965,34,27.82,
29.10.19 19:43:15,"41,97",161.63,178.96,163.37,201.96,161.05,178.66,136.32,160.47,178.96,163.66,170.09,165.7,167.74,216.6,136.59,160.76,175.69,120.33,159.31,203.5,237.37,228.67,220.7,224.83,,28,965,34,27.83,
29.10.19 19:43:30,"42,22",160.76,177.47,162.79,200.73,161.92,179.25,137.15,158.45,178.36,160.76,170.68,163.37,167.74,215.97,137.99,160.76,176.58,119.24,159.02,202.27,238.02,225.79,220.7,226.11,,28,965,34,27.83,
29.10.19 19:43:45,"42,47",160.76,177.17,162.5,200.43,160.18,180.15,137.43,157.58,177.17,162.21,167.45,163.37,167.45,215.03,136.04,162.5,175.39,116.53,155.85,204.12,238.02,226.75,221.34,225.79,,28,965,34,27.83,
29.10.19 19:44:00,"42,72",159.31,178.36,163.08,200.73,160.47,178.66,137.43,159.6,177.47,160.47,167.16,164.53,166.57,212.83,133.81,161.63,176.88,118.97,156.14,202.89,235.75,228.67,223.56,226.43,,28,965,34,27.83,
29.10.19 19:44:15,"42,97",160.47,178.36,164.53,200.73,159.02,179.85,138.27,158.45,178.06,160.76,167.45,164.82,166.28,213.14,134.09,161.34,176.58,117.61,158.73,201.96,237.7,229.95,222.92,228.67,,28,965,34,27.83,
29.10.19 19:44:31,"43,23",159.6,176.88,161.92,199.2,158.45,179.25,137.15,159.02,177.77,159.89,168.33,165.11,165.41,215.34,132.42,159.31,175.39,117.61,157.58,203.81,234.14,227.71,225.79,224.83,,28,965,34,27.83,
29.10.19 19:44:46,"43,48",158.16,178.06,163.37,200.43,160.76,179.25,138.83,159.31,175.99,158.45,166.87,163.37,165.11,215.65,133.25,159.89,176.88,116.26,159.02,201.04,236.73,225.15,221.97,226.43,,28,965,34,27.83,
29.10.19 19:45:01,"43,73",157.58,178.36,161.92,200.12,157.58,178.06,137.15,158.45,175.69,159.89,168.33,163.08,164.82,212.83,134.92,159.02,174.21,117.88,157,201.96,236.73,227.71,222.29,226.75,,28,965,34,27.83,
29.10.19 19:45:16,"43,98",157.58,177.47,161.05,198.58,157,178.96,138.55,158.45,174.21,158.45,167.74,161.92,165.11,213.77,133.53,161.05,174.51,115.44,158.16,202.58,237.7,226.11,222.92,228.03,,28,965,34,27.83,
29.10.19 19:45:32,"44,25",157,177.77,162.21,198.28,156.72,177.47,137.15,157.58,174.51,159.31,165.99,163.37,164.82,213.46,132.7,160.47,174.8,117.34,155.28,201.35,236.4,228.35,221.65,225.15,,28,965,34,27.83,
29.10.19 19:45:47,"44,5",157.87,177.47,161.63,198.58,156.14,177.47,137.99,158.45,175.1,157.29,167.16,159.6,164.24,214.08,131.87,160.18,174.21,117.34,157.29,204.12,237.37,227.71,219.44,224.83,,28,965,34,27.83,
29.10.19 19:46:02,"44,75",157.29,176.88,160.76,197.36,157.29,177.77,136.32,156.72,174.21,157.58,168.04,161.92,164.53,211.89,132.42,158.45,173.03,117.61,158.16,201.35,235.75,228.03,221.02,225.47,,28,965,34,27.83,
29.10.19 19:46:17,"45,0",156.43,175.99,160.76,197.36,158.16,178.36,138.55,156.43,174.8,157.58,166.87,160.18,161.63,213.14,134.09,158.45,173.62,116.53,156.72,201.66,235.75,228.03,221.34,227.07,,28,965,34,27.83,
29.10.19 19:46:33,"45,27",156.72,177.47,161.05,198.28,156.43,177.17,138.55,157,174.21,157.87,167.16,159.31,162.79,213.14,132.7,159.31,172.44,114.63,155.85,201.35,236.73,225.15,222.92,228.99,,28,965,34,27.83,
29.10.19 19:46:48,"45,52",156.14,176.58,161.63,199.81,156.14,175.39,137.43,157,174.51,158.73,167.16,160.76,160.18,211.89,130.76,159.02,173.92,115.99,156.43,202.89,234.46,228.99,223.88,223.88,,28,965,34,27.83,
29.10.19 19:47:03,"45,77",156.72,177.77,161.34,199.2,156.72,175.1,138.55,156.14,174.8,157.58,166.28,160.76,161.05,212.52,129.1,157.58,172.44,116.8,157.29,202.89,236.73,231.23,223.24,227.39,,28,965,34,27.83,
29.10.19 19:47:18,"46,02",156.72,175.69,159.89,197.67,156.72,176.58,137.43,155.85,175.39,156.14,166.57,159.6,161.63,211.89,130.76,158.73,172.44,116.53,155.85,201.04,240.3,226.11,220.7,226.75,,28,965,34,27.85,
29.10.19 19:47:34,"46,28",155.28,175.1,159.31,198.89,156.72,175.69,137.43,155.85,173.62,157,165.7,157.87,161.05,213.77,130.76,157,173.92,115.99,156.14,201.04,235.11,225.47,220.39,227.07,,28,965,34,27.83,
29.10.19 19:47:49,"46,53",155.85,175.99,159.6,198.89,157,173.92,136.87,155.28,171.26,155.85,164.53,158.45,161.05,211.89,131.04,157.87,173.62,114.9,155.28,200.43,235.11,227.71,221.65,225.15,,28,965,34,27.86,
29.10.19 19:48:04,"46,78",153.84,174.51,157.58,198.89,157.29,175.1,135.48,156.14,172.44,156.43,163.08,156.14,159.89,212.83,130.76,157,171.85,116.53,153.84,201.35,235.75,227.71,221.97,226.43,,28,965,34,27.83,
29.10.19 19:48:19,"47,03",154.99,174.51,157.87,199.5,155.28,175.39,135.48,154.99,172.74,156.72,165.41,155.85,161.05,212.52,131.59,154.71,171.56,117.61,154.99,203.5,235.11,228.99,221.02,224.83,,28,965,34,27.83,
29.10.19 19:48:35,"47,3",154.71,174.8,158.16,197.67,155.28,173.33,136.32,153.56,172.74,157.29,162.21,157.58,159.89,211.58,129.93,155.85,171.85,117.34,158.16,201.35,235.75,226.75,221.65,225.15,,28,965,34,27.85,
29.10.19 19:48:50,"47,55",153.27,175.99,157,199.2,154.71,175.39,135.48,153.56,172.15,156.14,163.37,154.99,159.89,212.52,131.87,155.28,174.51,114.09,153.56,203.81,235.75,227.07,221.02,227.07,,28,965,34,27.83,
29.10.19 19:49:05,"47,8",152.7,173.62,157.58,197.67,152.99,173.92,133.53,154.42,170.38,156.14,163.95,158.16,160.47,210.02,132.14,156.72,171.26,114.9,154.99,201.66,239,229.63,220.7,228.99,,28,965,34,27.83,
29.10.19 19:49:20,"48,05",152.7,174.8,157.58,198.28,152.99,171.56,135.76,153.27,171.85,156.43,164.53,156.72,158.16,209.4,132.98,154.42,172.44,113.02,155.57,201.96,235.75,227.71,223.24,227.07,,28,965,34,27.85,
29.10.19 19:49:36,"48,32",151.84,174.8,155.57,196.75,153.27,174.21,135.48,153.56,172.44,157,163.66,155.57,159.31,212.2,129.38,155.28,171.26,114.63,155.85,201.04,237.37,227.71,219.75,228.35,,28,965,34,27.83,
29.10.19 19:49:51,"48,57",150.99,175.1,154.71,199.2,149.56,175.39,134.09,152.41,169.21,155.57,163.08,156.72,158.73,210.64,131.04,154.99,171.85,113.56,153.56,201.04,237.37,227.07,221.97,225.47,,28,965,34,27.86,
29.10.19 19:50:06,"48,82",152.7,174.8,154.42,197.05,151.56,175.39,134.64,152.7,168.62,156.43,162.79,157.29,157,210.64,130.76,154.99,170.68,113.02,153.84,201.04,237.37,225.15,221.34,228.03,,28,965,34,27.85,
29.10.19 19:50:21,"49,07",151.56,173.92,153.84,197.36,151.56,172.15,134.09,153.27,169.5,154.42,163.95,155.85,158.16,211.27,129.93,154.71,172.74,115.44,155.57,201.35,236.73,226.11,222.29,223.24,,28,965,34,27.83,
29.10.19 19:50:37,"49,33",151.56,174.8,153.27,197.67,149.85,171.85,132.98,151.84,169.5,156.14,165.11,156.43,157.58,210.64,130.21,152.99,171.26,114.36,153.56,202.58,235.75,229.63,221.02,229.31,,28,965,34,27.85,
29.10.19 19:50:52,"49,58",150.42,173.62,154.71,196.75,149.85,172.15,134.09,151.27,169.21,153.84,165.41,154.13,158.16,211.27,129.1,151.56,171.56,113.29,154.13,203.2,235.11,227.07,222.29,228.35,,28,965,34,27.85,
29.10.19 19:51:07,"49,83",150.99,174.21,153.27,197.36,149.85,172.74,132.14,152.13,168.91,154.99,165.7,154.99,159.02,211.89,133.25,152.7,170.68,112.48,155.85,201.04,236.08,231.56,223.88,225.47,,28,965,34,27.85,
29.10.19 19:51:22,"50,08",149.85,174.8,153.56,195.22,148.99,172.15,132.98,152.13,168.91,152.13,164.53,153.56,158.73,211.27,128.82,151.56,171.26,113.56,154.99,199.2,234.78,226.11,223.24,224.51,,28,965,34,27.85,
29.10.19 19:51:38,"50,35",148.42,174.21,153.27,197.67,148.99,170.97,132.7,152.41,165.7,151.84,164.82,154.71,155.57,208.77,128.55,150.13,169.21,114.63,153.84,201.66,235.11,224.51,221.02,224.19,,28,965,34,27.83,
29.10.19 19:51:53,"50,6",149.56,173.92,152.7,195.53,147.86,171.56,131.04,151.27,168.91,153.27,165.11,154.13,156.14,210.02,128.82,150.42,170.38,111.4,154.13,199.81,238.35,228.67,222.29,227.07,,28,965,34,27.85,
29.10.19 19:52:08,"50,85",148.71,173.92,152.41,195.22,148.14,171.56,131.04,150.13,167.16,152.7,165.41,153.27,157,210.02,128.27,151.56,171.56,112.21,152.41,200.12,236.73,225.15,218.8,228.03,,28,965,34,27.83,
29.10.19 19:52:23,"51,1",147.57,174.21,152.99,194.92,150.99,170.09,129.93,150.7,167.16,153.27,163.08,151.56,154.42,208.77,129.38,149.28,172.15,113.56,152.99,201.04,235.11,227.07,222.6,227.39,,28,965,34,27.85,
29.10.19 19:52:39,"51,37",148.14,173.92,151.84,196.75,148.71,169.79,129.38,149.56,166.87,152.7,162.21,154.71,155.57,209.4,129.93,149.28,168.62,112.75,152.41,202.58,235.75,227.71,221.34,226.43,,28,965,34,27.83,
29.10.19 19:52:54,"51,62",147.57,172.74,150.99,195.22,145.59,169.79,128.82,149.28,166.57,153.84,164.82,152.41,154.71,208.77,128,149.85,171.26,111.94,152.13,200.73,237.37,225.79,218.8,226.11,,28,965,34,27.83,
29.10.19 19:53:09,"51,87",147,173.03,151.27,197.05,145.3,168.91,128,150.13,165.99,153.56,164.24,152.7,154.42,206.6,129.38,148.71,170.38,111.94,152.7,199.81,235.11,225.47,221.02,224.83,,28,965,34,27.83,
29.10.19 19:53:24,"52,12",147,173.33,152.41,195.83,145.3,167.45,129.65,148.14,165.11,154.71,165.7,152.99,153.56,207.22,128,149.28,170.38,111.4,154.13,200.12,237.7,225.47,218.49,228.35,,28,965,34,27.83,
29.10.19 19:53:39,"52,37",146.44,173.33,152.13,195.83,145.02,168.62,127.72,150.13,165.99,153.56,163.66,153.27,153.56,209.08,129.1,147,171.85,110.6,150.7,199.81,236.08,227.07,221.02,223.88,,28,965,34,27.83,
29.10.19 19:53:55,"52,63",147,172.74,151.56,195.53,143.33,168.91,126.9,148.71,164.24,151.84,165.11,150.7,153.84,206.91,129.1,145.3,170.68,110.33,150.7,200.73,238.35,225.15,220.39,226.11,,28,965,34,27.83,
29.10.19 19:54:10,"52,88",145.59,172.74,150.99,195.53,145.02,168.04,127.45,148.71,164.82,151.27,163.37,151.27,152.7,208.15,127.17,146.72,168.33,110.33,151.27,201.96,235.75,227.07,219.75,227.39,,28,965,34,27.83,
29.10.19 19:54:25,"53,13",145.59,171.85,152.7,194,144.17,166.57,126.9,147,165.41,151.84,163.08,153.56,154.42,206.29,126.62,147.29,166.28,110.87,152.7,202.89,236.73,229.63,220.07,228.67,,28,965,34,27.83,
29.10.19 19:54:40,"53,38",144.17,172.44,150.7,192.79,144.17,167.45,126.07,145.59,163.66,150.13,163.66,151.84,152.13,208.15,126.62,145.87,170.09,110.33,152.13,200.43,237.37,227.71,220.39,228.67,,28,965,34,27.83,
29.10.19 19:54:56,"53,65",143.89,170.97,149.85,192.18,143.89,166.57,127.17,146.72,161.34,150.7,163.95,148.42,150.99,207.53,126.35,145.02,168.91,110.06,149.28,201.35,234.14,224.19,219.44,223.88,,28,965,34,27.83,
29.10.19 19:55:11,"53,9",144.74,172.74,151.27,192.18,145.87,165.99,124.97,147.86,163.95,151.56,163.08,150.99,154.13,206.6,127.72,145.02,170.38,108.45,150.99,203.2,238.67,227.07,219.75,225.15,,28,965,34,27.83,
29.10.19 19:55:26,"54,15",142.76,171.26,149.85,191.27,142.76,168.04,125.25,145.02,161.63,150.42,162.21,148.71,150.99,207.22,128.55,141.64,169.21,108.19,150.13,201.66,237.7,228.67,220.39,224.51,,28,965,34,27.83,
29.10.19 19:55:41,"54,4",143.05,171.26,148.99,189.45,145.02,165.41,125.25,145.02,161.63,150.7,162.79,149.85,153.27,207.22,127.72,142.2,167.74,108.72,149.85,199.5,236.73,227.71,219.44,223.88,,28,965,34,27.83,
29.10.19 19:55:57,"54,67",143.89,172.74,150.13,190.97,144.46,165.99,123.33,145.02,161.05,149.28,164.82,151.84,150.99,208.15,127.72,142.48,167.16,109.26,148.99,203.2,236.08,225.79,221.65,227.71,,28,965,34,27.83,
29.10.19 19:56:12,"54,92",143.05,171.26,149.85,189.45,143.61,165.99,124.43,144.74,160.18,149.85,164.24,149.85,148.42,207.22,127.17,143.33,167.45,107.92,150.13,202.58,236.73,228.03,221.02,226.75,,28,965,34,27.83,
29.10.19 19:56:27,"55,17",142.48,170.09,148.71,189.76,142.2,164.82,122.78,143.89,160.18,149.85,164.53,148.42,149.28,207.53,125.25,141.64,165.99,107.39,149.85,202.27,237.37,224.19,220.07,226.11,,28,965,34,27.83,
29.10.19 19:56:42,"55,42",141.92,171.26,148.99,188.85,141.92,162.79,124.7,143.89,159.02,150.13,164.53,149.85,151.27,207.84,126.9,142.2,166.87,107.39,151.27,201.35,236.08,225.47,222.29,225.15,,28,965,34,27.83,
29.10.19 19:56:57,"55,67",143.61,170.97,147.86,189.15,143.33,162.79,122.24,142.76,161.05,150.13,162.79,147.57,148.71,205.67,122.78,141.64,168.33,105.52,147.29,201.35,234.78,225.15,219.44,224.19,,28,965,34,27.83,
29.10.19 19:57:13,"55,93",142.48,171.26,147.86,189.15,141.08,162.5,121.96,143.61,159.31,151.84,164.82,148.14,148.71,206.91,122.51,141.64,166.57,107.65,148.42,199.81,234.78,223.24,222.29,226.43,,28,965,34,27.83,
29.10.19 19:57:28,"56,18",141.92,171.56,148.71,189.45,140.79,161.63,121.69,141.92,158.16,149.56,165.7,148.71,150.7,204.74,124.7,142.48,165.11,105.25,149.85,199.81,237.7,226.11,218.49,227.71,,28,965,34,27.83,
29.10.19 19:57:43,"56,43",142.48,170.68,148.14,187.94,141.64,163.08,119.78,143.05,158.16,148.42,164.82,147.29,148.14,206.6,125.52,140.79,166.57,104.46,147,201.04,236.08,227.07,219.44,222.92,,28,965,34,27.83,
29.10.19 19:57:58,"56,68",141.92,169.5,147.86,188.55,142.48,161.63,120.33,143.33,159.6,150.42,165.7,145.59,147.86,204.12,124.43,142.76,166.28,106.05,148.42,201.96,235.11,227.07,220.07,225.15,,28,965,34,27.83,
29.10.19 19:58:14,"56,95",141.36,170.38,148.14,188.24,140.51,161.05,121.69,142.76,159.02,150.42,165.41,145.59,147.29,203.5,125.52,141.64,166.87,105.25,147,199.81,236.08,224.51,222.6,228.03,,28,965,34,27.83,
29.10.19 19:58:29,"57,2",140.51,168.62,148.14,187.64,142.2,159.02,120.33,141.64,157.58,148.99,165.7,144.74,147.86,204.74,124.15,142.2,165.11,104.72,146.72,200.73,238.35,226.11,220.07,225.79,,28,965,34,27.83,
29.10.19 19:58:44,"57,45",140.51,170.09,148.14,187.34,140.23,159.6,120.6,141.36,155.85,149.85,165.99,145.3,147.29,205.98,123.88,143.33,164.24,104.46,147.29,201.96,237.7,227.07,218.8,226.11,,28,965,34,27.83,
29.10.19 19:58:59,"57,7",140.51,168.62,148.42,187.34,140.79,159.6,120.33,143.05,157,150.42,164.53,144.74,146.44,204.74,121.15,141.64,165.7,105.25,146.44,202.58,237.7,223.56,222.92,226.43,,28,965,34,27.85,
29.10.19 19:59:15,"57,97",141.08,168.33,147.57,187.04,141.08,157.87,119.51,140.51,157.29,149.56,164.24,143.89,145.02,206.29,122.78,139.39,164.24,101.54,146.15,201.35,236.4,226.75,220.7,224.19,,28,965,34,27.83,
29.10.19 19:59:30,"58,22",139.67,170.38,147.29,187.64,141.64,159.89,120.6,139.39,157,148.71,165.41,144.17,146.15,205.98,123.06,140.79,164.53,101.54,146.44,200.12,236.73,226.11,221.97,228.35,,28,965,34,27.83,
29.10.19 19:59:45,"58,47",137.99,168.91,147.57,187.64,138.55,159.31,118.7,141.36,157,149.85,165.41,143.33,145.59,206.29,123.88,139.39,164.82,102.33,147,201.66,236.73,227.07,219.44,225.15,,28,965,34,27.83,
29.10.19 20:00:00,"58,72",139.11,168.91,147.57,187.64,141.08,159.89,118.97,140.23,156.72,148.42,165.41,145.87,144.17,202.89,121.15,137.99,163.37,100.48,147.29,201.96,233.49,223.56,220.07,224.19,,28,965,34,27.83,
29.10.19 20:00:16,"58,98",137.99,169.79,147.57,187.34,140.79,157.58,119.51,139.95,154.71,149.56,164.82,143.89,146.15,204.12,122.78,136.32,162.79,99.16,145.02,201.66,234.14,225.15,217.86,226.43,,28,965,34,27.82,
29.10.19 20:00:31,"59,23",138.27,169.21,147.57,187.64,139.39,158.45,118.42,140.79,154.99,149.28,164.53,145.02,145.59,203.5,121.42,137.15,165.11,100.48,145.3,200.43,237.7,224.51,221.02,224.19,,28,965,34,27.83,
29.10.19 20:00:46,"59,48",137.43,167.74,146.15,186.14,140.51,160.47,117.88,139.39,155.85,150.7,164.82,143.61,145.59,200.12,120.06,138.55,161.34,99.43,145.02,199.5,236.73,228.03,219.44,225.79,,28,965,34,27.82,
29.10.19 20:01:01,"59,73",136.87,168.62,146.15,185.53,137.15,158.16,119.24,137.71,155.28,149.56,164.24,144.17,145.02,203.5,121.15,135.48,163.66,98.63,145.02,203.5,235.75,228.67,219.75,224.51,,28,965,34,27.82,
29.10.19 20:01:17,"60,0",137.71,167.45,145.59,185.84,138.83,159.02,118.7,139.39,154.71,150.13,164.24,145.02,145.3,202.58,120.33,135.48,163.95,98.9,146.15,201.35,234.46,224.51,218.49,226.43,,28,965,34,27.82,
29.10.19 20:01:32,"60,25",135.48,167.74,145.87,185.53,136.59,157.58,117.07,137.99,152.99,148.99,164.24,144.46,143.33,202.58,119.51,136.87,161.92,98.37,144.46,202.89,236.4,227.39,221.02,224.83,,28,965,34,27.82,
29.10.19 20:01:47,"60,5",137.15,166.57,144.74,186.44,136.32,156.72,116.53,136.87,154.42,148.71,164.24,144.46,145.59,201.66,121.42,135.76,162.5,99.95,145.59,201.66,238.35,227.07,221.34,227.07,,28,965,34,27.83,
29.10.19 20:02:02,"60,75",136.59,165.7,143.89,185.23,137.43,157.87,118.42,136.04,155.28,150.99,164.24,142.76,143.33,200.73,119.24,137.71,163.08,97.06,146.15,200.12,234.78,227.39,219.12,223.56,,28,965,34,27.83,
29.10.19 20:02:18,"61,02",135.76,167.16,143.89,184.93,135.2,157.87,117.07,135.48,153.84,149.85,164.24,145.87,144.46,201.04,119.78,136.59,160.76,98.9,145.59,202.58,237.37,223.24,220.07,223.56,,28,965,34,27.83,
29.10.19 20:02:33,"61,27",135.48,165.7,143.33,186.44,136.32,157.58,115.44,136.04,152.13,149.85,163.66,144.46,142.2,200.43,118.7,136.04,160.18,96.27,143.89,203.5,234.78,226.11,220.07,225.47,,28,965,34,27.83,
29.10.19 20:02:48,"61,52",134.64,166.87,141.64,186.14,135.2,156.14,116.53,134.92,152.7,149.28,163.37,145.59,143.33,199.81,120.06,135.2,159.31,97.32,144.17,200.43,237.37,224.19,215.97,225.47,,28,965,34,27.83,
29.10.19 20:03:04,"61,78",135.76,167.16,141.36,186.74,135.48,155.57,115.17,135.2,153.56,148.99,162.79,143.89,143.61,199.5,119.24,137.43,160.47,97.06,143.05,200.12,235.11,228.03,220.39,225.15,,28,965,34,27.83,
29.10.19 20:03:19,"62,03",133.53,165.7,141.92,186.14,135.76,155.28,114.9,133.53,152.41,147.86,162.21,142.48,141.92,199.81,119.51,136.04,160.76,97.06,142.76,200.12,235.75,226.11,219.75,223.56,,28,965,34,27.83,
29.10.19 20:03:34,"62,28",132.98,165.41,140.79,185.23,133.81,156.72,114.09,133.25,152.7,147,162.79,142.76,144.46,201.04,119.78,136.04,158.45,96.79,140.79,199.2,235.75,224.83,218.49,226.43,,28,965,34,27.83,
29.10.19 20:03:50,"62,55",133.53,164.24,141.08,184.03,134.64,155.85,114.09,132.42,152.99,147.86,163.08,143.89,143.89,198.89,119.24,135.48,160.18,97.32,141.92,200.43,234.14,226.11,216.28,223.56,,28,965,34,27.83,
29.10.19 20:04:05,"62,8",132.98,164.53,140.23,184.33,134.64,155.28,111.94,132.42,150.99,148.14,162.79,140.79,142.2,199.2,117.88,133.81,159.31,94.7,140.23,201.96,234.78,225.79,217.54,226.75,,28,965,34,27.83,
29.10.19 20:04:20,"63,05",131.31,164.53,140.23,184.03,132.7,154.42,113.56,130.48,152.41,148.71,160.47,141.08,140.51,197.97,117.61,133.81,160.76,97.32,141.92,201.04,236.4,225.79,218.8,225.15,,28,965,34,27.83,
29.10.19 20:04:35,"63,3",132.14,163.95,141.36,183.13,133.25,155.28,112.48,131.31,151.84,149.28,160.18,142.76,141.64,199.2,117.88,134.36,160.18,95.74,138.83,200.73,234.78,225.15,219.75,225.79,,28,965,34,27.83,
29.10.19 20:04:51,"63,57",131.31,164.24,140.23,184.33,131.59,154.13,111.67,132.7,150.99,147.86,160.18,141.64,143.05,198.89,115.99,133.53,157.58,96.53,140.23,202.89,238.35,223.56,217.86,225.47,,28,965,34,27.82,
29.10.19 20:05:06,"63,82",132.7,163.95,140.23,182.24,133.53,154.71,110.87,130.48,152.7,148.99,161.63,141.92,140.79,197.05,116.53,134.36,157.58,96.01,137.15,201.35,232.52,223.56,218.49,227.07,,28,965,34,27.83,
29.10.19 20:05:21,"64,07",131.87,163.66,140.51,181.04,134.09,153.84,110.6,130.21,152.41,149.56,160.47,142.48,140.23,197.05,119.78,134.36,157.58,95.48,139.67,201.35,236.73,225.15,215.97,226.43,,28,965,34,27.83,
29.10.19 20:05:36,"64,32",131.59,164.24,138.83,181.94,133.81,154.13,111.4,129.1,150.99,147.57,159.6,140.23,139.95,196.44,116.53,133.81,157.58,96.27,138.55,201.96,235.11,226.11,216.28,225.47,,28,965,34,27.83,
29.10.19 20:05:52,"64,58",131.31,162.79,138.83,180.45,133.81,151.84,109.53,130.21,150.42,148.14,160.76,141.08,139.67,197.05,116.8,131.87,154.42,95.74,136.87,202.27,238.35,226.11,216.6,223.24,,28,965,34,27.82,
29.10.19 20:06:07,"64,83",132.42,161.34,137.99,180.45,131.87,152.7,109.26,128.55,150.42,148.71,159.6,140.51,139.11,197.67,115.72,134.64,153.84,94.17,139.39,201.35,236.4,225.15,217.54,224.51,,28,965,34,27.83,
29.10.19 20:06:22,"65,08",130.76,162.79,138.27,181.34,131.04,151.27,108.19,127.45,148.71,147.29,159.89,141.08,139.67,194.61,117.34,133.25,154.99,93.13,138.55,201.04,235.75,224.19,219.44,225.15,,28,965,34,27.83,
29.10.19 20:06:37,"65,33",130.76,163.08,139.11,180.15,130.48,150.7,106.85,128,151.27,147,160.47,139.67,140.51,197.36,115.44,133.81,157.29,92.86,138.55,201.66,237.05,225.47,215.03,224.83,,28,965,34,27.83,
29.10.19 20:06:53,"65,6",129.93,160.76,137.15,179.85,129.93,151.27,106.05,126.35,149.56,145.87,159.31,141.36,139.67,195.22,115.99,134.09,154.71,93.65,136.59,201.35,234.78,226.75,217.54,224.51,,28,965,34,27.83,
29.10.19 20:07:08,"65,85",129.65,161.05,137.99,181.64,129.93,148.99,106.59,126.07,149.56,144.17,159.02,138.83,139.11,195.22,116.26,133.81,154.99,93.13,136.87,200.73,235.75,225.15,216.91,223.56,,28,965,34,27.83,
29.10.19 20:07:23,"66,1",129.93,161.63,139.11,181.34,128,149.28,105.79,124.43,148.99,142.76,160.18,140.23,138.83,194.31,117.34,133.81,153.56,93.39,137.15,201.04,236.73,225.15,216.6,222.6,,28,965,34,27.83,
29.10.19 20:07:38,"66,35",129.1,162.5,138.83,181.94,129.38,147.29,106.85,126.07,148.14,145.02,157,139.39,136.59,194.92,116.8,132.7,155.85,93.13,136.04,200.73,236.73,223.56,218.17,224.51,,28,965,34,27.83,
29.10.19 20:07:54,"66,62",128.82,161.63,138.83,181.94,128.82,148.42,105.79,124.7,148.99,145.87,159.31,139.95,137.15,195.83,114.63,133.53,156.43,93.39,137.15,199.2,236.73,222.6,220.7,226.43,,28,965,34,27.83,
29.10.19 20:08:09,"66,87",128.55,160.18,138.83,178.36,126.9,147.29,105.52,122.51,146.44,142.76,158.45,138.55,137.15,196.44,116.26,131.87,153.56,92.6,135.76,200.43,238.35,225.15,218.17,225.15,,28,965,34,27.83,
29.10.19 20:08:24,"67,12",128.27,161.63,138.55,181.04,129.93,148.42,104.99,122.51,146.72,143.89,158.16,139.11,136.04,193.09,114.9,134.36,155.28,92.86,133.25,203.2,236.73,224.51,216.6,225.79,,28,965,34,27.83,
29.10.19 20:08:39,"67,37",127.45,160.47,137.99,179.55,127.72,148.42,104.72,122.24,146.44,143.89,158.16,139.67,137.71,194.92,113.29,133.53,155.85,91.04,133.53,199.81,236.73,222.6,218.17,224.83,,28,965,34,27.82,
29.10.19 20:08:55,"67,63",127.45,159.89,137.15,178.96,126.35,147,104.99,121.15,148.14,143.33,157.29,137.99,135.48,193.7,113.29,132.7,152.99,92.34,132.7,203.81,233.17,226.11,218.17,224.51,,28,965,34,27.83,
29.10.19 20:09:10,"67,88",126.62,159.89,136.32,177.47,128.55,146.15,102.6,121.69,146.44,143.89,157.87,139.39,135.48,192.48,113.56,132.14,153.27,91.3,131.31,201.35,234.78,224.19,217.54,226.75,,28,965,34,27.83,
29.10.19 20:09:25,"68,13",126.35,161.63,136.87,178.96,128.55,146.44,104.46,120.6,146.44,142.2,157.58,138.27,135.48,195.83,112.75,131.04,152.7,91.3,132.7,202.58,231.88,224.51,218.17,223.24,,28,965,34,27.83,
29.10.19 20:09:40,"68,38",126.62,159.6,136.32,177.77,125.52,145.87,102.07,119.24,142.76,140.23,157.58,137.99,134.92,195.22,113.29,132.7,153.27,91.3,129.93,201.04,236.73,225.15,217.54,225.15,,28,965,34,27.83,
29.10.19 20:09:55,"68,63",126.35,160.76,135.76,178.96,125.52,145.3,102.86,120.33,145.87,143.61,159.31,139.95,135.48,194.92,114.9,131.87,152.41,89.22,130.76,201.66,235.75,226.11,215.65,221.97,,28,965,34,27.83,
29.10.19 20:10:11,"68,9",126.62,159.31,135.76,178.36,125.8,147,101.8,120.06,143.33,143.33,157,139.95,134.09,191.27,114.09,131.31,152.99,89.74,130.76,199.81,235.75,225.15,216.28,225.47,,28,965,34,27.82,
29.10.19 20:10:26,"69,15",126.07,159.02,135.76,176.58,125.52,144.17,102.07,118.15,144.46,140.51,157,138.55,134.09,192.48,111.13,131.04,151.56,90,129.93,198.89,235.11,221.02,217.23,225.15,,28,965,34,27.83,
29.10.19 20:10:41,"69,4",124.97,157.87,136.59,175.39,123.33,146.72,102.07,117.88,143.89,141.92,158.73,138.83,135.2,192.48,110.6,131.87,152.99,89.22,129.65,201.04,234.78,221.65,216.91,225.15,,28,965,34,27.83,