"","Light_Level","Fragment.ID","Intercept","Âµmol.L.sec","Temp","Date","Sample.ID","Chamber.Channel","Position","Run","Site","Species","Sample.Type","Chamber.Vol.L","Surf.Area.cm2","Start.time","Stop.Time","Light_Dark","Light_Value","Notes","QC","X","sample.micromol.s","blank.micromol.s","corr.micromol.s","micromol.cm2.s","micromol.cm2.h"
"1",1,"1-ACR-1_1",184.574109583333,-0.00620124999999983,27.75748,20191024,"1-ACR-1",8,8,"Run1","Site1","Apulchra","Coral",0.616,8.01,"16:17","16:28","Dark",0,NA,NA,NA,-0.00381996999999989,0.000130056280451462,-0.00395002628045136,-0.000493136863976449,-1.77529271031522
"2",1,"1-POR-2_1",174.189094558823,-0.00626955882352922,28.18324,20191024,"1-POR-2",1,11,"Run1","Site1","Porites","Coral",0.595,20.43,"16:17","16:28","Dark",0,NA,NA,NA,-0.00373038749999989,0.000130056280451462,-0.00386044378045135,-0.000188959558514506,-0.68025441065222
"3",1,"1-POR-1_1",179.876083956044,-0.00416967032967036,27.96528,20191024,"1-POR-1",7,7,"Run1","Site1","Porites","Coral",0.6,11.43,"16:17","16:28","Dark",0,NA,NA,NA,-0.00250180219780221,0.000130056280451462,-0.00263185847825368,-0.000230258834492885,-0.828931804174386
"4",1,"1-POC-3_1",194.49019,-0.0112900000000008,28.1205263157895,20191025,"1-POC-3",2,8,"Run2","Site1","Pocillopora","Coral",0.608,15,"13:38","13:46","Dark",0,NA,NA,NA,-0.00686432000000046,0.000130056280451462,-0.00699437628045192,-0.000466291752030128,-1.67865030730846
"5",1,"1-POC-2_1",168.906214219114,-0.00758601398601445,28.04108,20191024,"1-POC-2",10,10,"Run1","Site1","Pocillopora","Coral",0.61,41.64,"16:17","16:28","Dark",0,NA,NA,NA,-0.00462746853146882,0.000130056280451462,-0.00475752481192028,-0.000114253717865521,-0.411313384315874
"6",1,"2-POC-3_1",189.116974423805,-0.0179809597523221,28.1566842105263,20191025,"2-POC-3",5,11,"Run2","Site2","Pocillopora","Coral",0.59,15,"13:38","13:46","Dark",0,NA,NA,NA,-0.0106087662538701,0.000130056280451462,-0.0107388225343215,-0.000715921502288102,-2.57731740823717
"7",1,"1-POC-1_1",180.857116911765,-0.00745514705882349,27.9226,20191024,"1-POC-1",9,9,"Run1","Site1","Pocillopora","Coral",0.604,33.92,"16:17","16:28","Dark",0,NA,NA,NA,-0.00450290882352939,0.000130056280451462,-0.00463296510398085,-0.000136585056131511,-0.491706202073439
"10",1,"2-ACR-3_1",188.071928901099,-0.00703879120879115,27.9195789473684,20191025,"2-ACR-3",6,12,"Run2","Site2","Apulchra","Coral",0.605,15,"13:38","13:46","Dark",0,NA,NA,NA,-0.00425846868131864,0.000130056280451462,-0.00438852496177011,-0.000292568330784674,-1.05324599082483
"12",1,"1-ACR-3_1",191.780567272727,-0.00973090909090877,28.0277368421053,20191025,"1-ACR-3",1,7,"Run2","Site1","Apulchra","Coral",0.616,15,"13:38","13:46","Dark",0,NA,NA,NA,-0.0059942399999998,0.000130056280451462,-0.00612429628045126,-0.000408286418696751,-1.4698311073083
"13",1,"1-ACR-2_1",164.001869219368,-0.00490182806324119,28.03168,20191024,"1-ACR-2",2,12,"Run1","Site1","Apulchra","Coral",0.61,7.7,"16:17","16:28","Dark",0,NA,NA,NA,-0.00299011511857712,0.000130056280451462,-0.00312017139902859,-0.000405217064808907,-1.45878143331207
"14",1,"1-POR-3_1",170.205053904429,-0.01234527972028,27.3378636363636,20191026,"1-POR-3",4,1,"Run1","Site1","Porites","Coral",0.588,15,"9:24","9:33","Dark",0,NA,NA,NA,-0.00725902447552466,0.000130056280451462,-0.00738908075597612,-0.000492605383731741,-1.77337938143427
"15",1,"2-POR-3_1",151.664937619048,-0.00971857142857146,27.2171363636364,20191026,"2-POR-3",5,2,"Run1","Site2","Porites","Coral",0.578,15,"9:24","9:33","Dark",0,NA,NA,NA,-0.0056173342857143,0.000130056280451462,-0.00574739056616577,-0.000383159371077718,-1.37937373587978
"16",1,"2-POR-2_1",178.413955928854,-0.00982605872388474,27.4433461538462,20191025,"2-POR-2",5,11,"Run1","Site2","Porites","Coral",0.595,26.42079422,"10:28","10:39","Light",0,NA,NA,NA,-0.00584650494071142,0.000130056280451462,-0.00597656122116288,-0.000226206720789595,-0.814344194842541
"17",1,"2-POR-1_1",156.525278290598,-0.00692786324786321,27.3328076923077,20191025,"2-POR-1",4,10,"Run1","Site2","Porites","Coral",0.61,6.157521601,"10:28","10:39","Light",0,NA,NA,NA,-0.00422599658119656,0.000130056280451462,-0.00435605286164802,-0.000707436066637685,-2.54676983989567
"18",1,"2-POC-2_1",172.011172969925,-0.00643913533834589,27.4176666666667,20191025,"2-POC-2",2,8,"Run1","Site1","Pocillopora","Coral",0.618,44.45,"10:28","10:39","Light",0,NA,NA,NA,-0.00397938563909776,0.000130056280451462,-0.00410944191954922,-9.24508868290038e-05,-0.332823192584414
"19",1,"2-POC-1_1",180.299437083333,-0.00722875000000004,27.4697037037037,20191025,"2-POC-1",1,7,"Run1","Site1","Pocillopora","Coral",0.608,45.44,"10:28","10:39","Light",0,NA,NA,NA,-0.00439508000000003,0.000130056280451462,-0.00452513628045149,-9.95848653268373e-05,-0.358505515176614
"20",1,"2-ACR-2_1",190.570414395604,-0.0107572527472527,28.4164210526316,20191025,"2-ACR-2",3,9,"Run2","Site2","Apulchra","Coral",0.61,15,"13:38","13:46","Dark",0,NA,NA,NA,-0.00656192417582418,0.000130056280451462,-0.00669198045627564,-0.000446132030418376,-1.60607530950615
"21",1,"2-ACR-1_1",182.994300291375,-0.00742150349650406,27.1819615384615,20191025,"2-ACR-1",6,12,"Run1","Site2","Apulchra","Coral",0.6,9.56614963,"10:28","10:39","Light",0,NA,NA,NA,-0.00445290209790244,0.000130056280451462,-0.0045829583783539,-0.000479080774984062,-1.72469078994262
"22",2,"1-ACR-1_2",179.030197472527,-0.0061117582417583,27.6881111111111,20191024,"1-ACR-1",8,8,"Run1","Site1","Apulchra","Coral",0.616,8.01,"16:30","16:40","Light",25,NA,NA,NA,-0.00376484307692312,5.12019191918255e-05,-0.00381604499611494,-0.000476410111874524,-1.71507640274829
"23",2,"1-POR-2_2",169.529586240601,-0.00423436090225557,28.0773846153846,20191024,"1-POR-2",1,11,"Run1","Site1","Porites","Coral",0.595,20.43,"16:30","16:40","Light",25,NA,NA,NA,-0.00251944473684207,5.12019191918255e-05,-0.00257064665603389,-0.000125827051200876,-0.452977384323153
"24",2,"1-POR-1_2",176.576436842105,-0.00275263157894716,27.8844074074074,20191024,"1-POR-1",7,7,"Run1","Site1","Porites","Coral",0.6,11.43,"16:30","16:40","Light",25,NA,NA,NA,-0.0016515789473683,5.12019191918255e-05,-0.00170278086656012,-0.000148974703986012,-0.536308934349644
"25",2,"1-POC-3_2",188.15014,-0.00794000000000007,27.9115,20191025,"1-POC-3",2,8,"Run2","Site1","Pocillopora","Coral",0.608,15,"13:48","13:54","Light",25,NA,NA,NA,-0.00482752000000004,5.12019191918255e-05,-0.00487872191919186,-0.000325248127946124,-1.17089326060605
"26",2,"1-POC-2_2",163.353169398496,-0.00539270676691733,27.9402592592593,20191024,"1-POC-2",10,10,"Run1","Site1","Pocillopora","Coral",0.61,41.64,"16:30","16:40","Light",25,NA,NA,NA,-0.00328955112781957,5.12019191918255e-05,-0.0033407530470114,-8.0229419957046e-05,-0.288825911845366
"27",2,"2-POC-3_2",178.210458888889,-0.0166366666666663,27.9475714285714,20191025,"2-POC-3",5,11,"Run2","Site2","Pocillopora","Coral",0.59,15,"13:48","13:54","Light",25,NA,NA,NA,-0.00981563333333311,5.12019191918255e-05,-0.00986683525252493,-0.000657789016834996,-2.36804046060598
"28",2,"1-POC-1_2",175.273473406863,-0.00598321078431367,27.8162222222222,20191024,"1-POC-1",9,9,"Run1","Site1","Pocillopora","Coral",0.604,33.92,"16:30","16:40","Light",25,NA,NA,NA,-0.00361385931372546,5.12019191918255e-05,-0.00366506123291728,-0.000108050154272326,-0.388980555380372
"31",2,"2-ACR-3_2",184.085720104895,-0.00443688811188822,27.7399285714286,20191025,"2-ACR-3",6,12,"Run2","Site2","Apulchra","Coral",0.605,15,"13:48","13:54","Light",25,NA,NA,NA,-0.00268431730769238,5.12019191918255e-05,-0.0027355192268842,-0.000182367948458947,-0.656524614452208
"33",2,"1-ACR-3_2",186.366641111111,-0.00846333333333282,27.8537142857143,20191025,"1-ACR-3",1,7,"Run2","Site1","Apulchra","Coral",0.616,15,"13:48","13:54","Light",25,NA,NA,NA,-0.00521341333333302,5.12019191918255e-05,-0.00526461525252484,-0.000350974350168323,-1.26350766060596
"34",2,"1-ACR-2_2",160.33807122807,-0.00437298245614034,27.9477307692308,20191024,"1-ACR-2",2,12,"Run1","Site1","Apulchra","Coral",0.61,7.7,"16:30","16:40","Light",25,NA,NA,NA,-0.00266751929824561,5.12019191918255e-05,-0.00271872121743743,-0.000353080677589277,-1.2710904393214
"35",2,"1-POR-3_2",161.727352253182,-0.0107905056759547,27.3829230769231,20191026,"1-POR-3",4,1,"Run1","Site1","Porites","Coral",0.588,15,"9:35","9:45","Light",25,NA,NA,NA,-0.00634481733746135,5.12019191918255e-05,-0.00639601925665317,-0.000426401283776878,-1.53504462159676
"36",2,"2-POR-3_2",145.781087857143,-0.00617357142857137,27.2559230769231,20191026,"2-POR-3",5,2,"Run1","Site2","Porites","Coral",0.578,15,"9:35","9:45","Light",25,NA,NA,NA,-0.00356832428571425,5.12019191918255e-05,-0.00361952620490608,-0.000241301746993738,-0.868686289177458
"37",2,"2-POR-2_2",170.9370225,-0.00924750000000002,27.4458888888889,20191025,"2-POR-2",5,11,"Run1","Site2","Porites","Coral",0.595,26.42079422,"10:41","10:49","Light",25,NA,NA,NA,-0.00550226250000001,5.12019191918255e-05,-0.00555346441919184,-0.000210192940187543,-0.756694584675154
"38",2,"2-POR-1_2",151.623155,-0.00625500000000017,27.352,20191025,"2-POR-1",4,10,"Run1","Site2","Porites","Coral",0.61,6.157521601,"10:41","10:49","Light",25,NA,NA,NA,-0.0038155500000001,5.12019191918255e-05,-0.00386675191919193,-0.000627972124135781,-2.26069964688881
"39",2,"2-POC-2_2",167.211604725275,-0.00538274725274741,27.4011578947368,20191025,"2-POC-2",2,8,"Run1","Site2","Pocillopora","Coral",0.618,44.45,"10:41","10:49","Light",25,NA,NA,NA,-0.0033265378021979,5.12019191918255e-05,-0.00337773972138972,-7.59896450256406e-05,-0.273562722092306
"40",2,"2-POC-1_2",175.055180059524,-0.00617410714285684,27.4522105263158,20191025,"2-POC-1",1,7,"Run1","Site2","Pocillopora","Coral",0.608,45.44,"10:41","10:49","Light",25,NA,NA,NA,-0.00375385714285696,5.12019191918255e-05,-0.00380505906204878,-8.37380955556511e-05,-0.301457144000344
"41",2,"2-ACR-2_2",183.86108,-0.00767999999999944,28.1367142857143,20191025,"2-ACR-2",3,9,"Run2","Site2","Apulchra","Coral",0.61,15,"13:48","13:54","Light",25,NA,NA,NA,-0.00468479999999966,5.12019191918255e-05,-0.00473600191919148,-0.000315733461279432,-1.13664046060596
"42",2,"2-ACR-1_2",178.350739285714,-0.00523928571428551,27.1897222222222,20191025,"2-ACR-1",6,12,"Run1","Site2","Apulchra","Coral",0.6,9.56614963,"10:41","10:49","Light",25,NA,NA,NA,-0.0031435714285713,5.12019191918255e-05,-0.00319477334776313,-0.000333966482997938,-1.20227933879258
"43",3,"1-ACR-1_3",174.858498007519,-0.00619951127819533,27.6396071428571,20191024,"1-ACR-1",8,8,"Run1","Site1","Apulchra","Coral",0.616,8.01,"16:42","16:55","Light",45,NA,NA,NA,-0.00381889894736833,-0.000281545435397851,-0.00353735351197048,-0.000441617167536888,-1.5898218031328
"44",3,"1-POC-2_3",159.454451240602,-0.00372417293233091,27.8882068965517,20191024,"1-POC-2",10,10,"Run1","Site1","Pocillopora","Coral",0.61,41.64,"16:42","16:55","Light",45,NA,NA,NA,-0.00227174548872185,-0.000281545435397851,-0.001990200053324,-4.7795390329587e-05,-0.172063405186513
"45",3,"2-POC-3_3",170.593555900563,-0.015459746716698,27.7228571428571,20191025,"2-POC-3",5,11,"Run2","Site2","Pocillopora","Coral",0.59,15,"13:56","14:12","Light",42.83333333,NA,NA,NA,-0.00912125056285181,-0.000281545435397851,-0.00883970512745396,-0.000589313675163597,-2.12152923058895
"47",3,"2-ACR-3_3",182.39465637931,-0.0044529310344828,27.5336976744186,20191025,"2-ACR-3",6,12,"Run2","Site2","Apulchra","Coral",0.605,15,"13:56","14:12","Light",42.83333333,NA,NA,NA,-0.0026940232758621,-0.000281545435397851,-0.00241247784046425,-0.00016083185603095,-0.578994681711419
"48",3,"1-ACR-2_3",157.283026997811,-0.00340877120963324,27.8982857142857,20191024,"1-ACR-2",2,12,"Run1","Site1","Apulchra","Coral",0.61,7.7,"16:42","16:53","Light",45,NA,NA,NA,-0.00207935043787628,-0.000281545435397851,-0.00179780500247843,-0.000233481169153043,-0.840532208950953
"49",3,"1-POR-3_3",153.68656108871,-0.00827076612903216,27.3893142857143,20191026,"1-POR-3",4,1,"Run1","Site1","Porites","Coral",0.588,15,"9:47","10:01","Light",42.83333333,NA,NA,NA,-0.00486321048387091,-0.000281545435397851,-0.00458166504847306,-0.000305444336564871,-1.09959961163353
"50",3,"1-POR-2_3",166.668413401709,-0.00168690598290606,28.0210714285714,20191024,"1-POR-2",1,11,"Run1","Site1","Porites","Coral",0.595,20.43,"16:42","16:55","Light",45,NA,NA,NA,-0.00100370905982911,-0.000281545435397851,-0.000722163624431255,-3.53481950284511e-05,-0.127253502102424
"51",3,"1-POR-1_3",174.486649807692,-0.00159903846153845,27.8352857142857,20191024,"1-POR-1",7,7,"Run1","Site1","Porites","Coral",0.6,11.43,"16:42","16:55","Light",45,NA,NA,NA,-0.000959423076923069,-0.000281545435397851,-0.000677877641525218,-5.93068802734224e-05,-0.213504768984321
"52",3,"1-POC-3_3",184.973440692308,-0.00425607692307694,27.6772857142857,20191025,"1-POC-3",2,8,"Run2","Site1","Pocillopora","Coral",0.608,15,"13:56","14:12","Light",42.83333333,NA,NA,NA,-0.00258769476923078,-0.000281545435397851,-0.00230614933383293,-0.000153743288922195,-0.553475840119903
"53",3,"2-POR-1_3",148.464662074303,-0.00444226006191965,27.3891428571429,20191025,"2-POR-1",4,10,"Run1","Site2","Porites","Coral",0.61,6.157521601,"10:51","10:59","Light",42.83333333,NA,NA,NA,-0.00270977863777098,-0.000281545435397851,-0.00242823320237313,-0.000394352364428373,-1.41966851194214
"54",3,"1-POC-1_3",170.729339166667,-0.00512249999999985,27.7438275862069,20191024,"1-POC-1",9,9,"Run1","Site1","Pocillopora","Coral",0.604,33.92,"16:42","16:55","Light",45,NA,NA,NA,-0.00309398999999991,-0.000281545435397851,-0.00281244456460206,-8.29140496639758e-05,-0.298490578790313
"56",3,"2-POC-1_3",171.304826960784,-0.00588578431372562,27.4691428571429,20191025,"2-POC-1",1,7,"Run1","Site2","Pocillopora","Coral",0.608,45.44,"10:51","10:59","Light",42.83333333,NA,NA,NA,-0.00357855686274518,-0.000281545435397851,-0.00329701142734733,-7.25574697919746e-05,-0.261206891251109
"58",3,"1-ACR-3_3",182.531727016129,-0.00612217741935479,27.6340952380952,20191025,"1-ACR-3",1,7,"Run2","Site1","Apulchra","Coral",0.616,15,"13:56","14:12","Light",42.83333333,NA,NA,NA,-0.00377126129032255,-0.000281545435397851,-0.0034897158549247,-0.000232647723661646,-0.837531805181927
"59",3,"2-ACR-1_3",175.360364175824,-0.00412901098901121,27.23205,20191025,"2-ACR-1",6,12,"Run1","Site2","Apulchra","Coral",0.6,9.56614963,"10:51","10:59","Light",42.83333333,NA,NA,NA,-0.00247740659340672,-0.000281545435397851,-0.00219586115800887,-0.000229544931131176,-0.826361752072233
"60",3,"2-POR-3_3",140.619344642857,-0.00341607142857118,27.2798857142857,20191026,"2-POR-3",5,2,"Run1","Site2","Porites","Coral",0.578,15,"9:47","10:01","Light",42.83333333,NA,NA,NA,-0.00197448928571414,-0.000281545435397851,-0.00169294385031629,-0.000112862923354419,-0.40630652407591
"61",3,"2-POR-2_3",165.806643947368,-0.00671236842105256,27.4661428571429,20191025,"2-POR-2",5,11,"Run1","Site2","Porites","Coral",0.595,26.42079422,"10:51","10:59","Light",42.83333333,NA,NA,NA,-0.00399385921052627,-0.000281545435397851,-0.00371231377512842,-0.000140507274089372,-0.505826186721738
"62",3,"2-POC-2_3",164.004642368421,-0.0050809649122805,27.4167142857143,20191025,"2-POC-2",2,8,"Run1","Site2","Pocillopora","Coral",0.618,44.45,"10:51","10:59","Light",42.83333333,NA,NA,NA,-0.00314003631578935,-0.000281545435397851,-0.0028584908803915,-6.43080063080202e-05,-0.231508822708873
"63",3,"2-ACR-2_3",179.497203319328,-0.00869659663865539,27.8413571428571,20191025,"2-ACR-2",3,9,"Run2","Site2","Apulchra","Coral",0.61,15,"13:56","14:12","Light",42.83333333,NA,NA,NA,-0.00530492394957979,-0.000281545435397851,-0.00502337851418194,-0.000334891900945462,-1.20561084340366
"64",4,"1-POC-2_4",156.739159473684,-0.00192789473684195,27.8795,20191024,"1-POC-2",10,10,"Run1","Site1","Pocillopora","Coral",0.61,41.64,"16:55","17:05","Light",73,NA,NA,NA,-0.00117601578947359,-0.000286782726532884,-0.000889233062940703,-2.13552608775385e-05,-0.0768789391591386
"66",4,"1-ACR-2_4",154.842060014493,-0.00252334782608711,27.8842307692308,20191024,"1-ACR-2",2,12,"Run1","Site1","Apulchra","Coral",0.61,7.7,"16:55","17:05","Light",73,NA,NA,NA,-0.00153924217391314,-0.000286782726532884,-0.00125245944738025,-0.000162657071088344,-0.585565455918039
"67",4,"1-ACR-1_4",170.062409821429,-0.00454196428571431,27.6308076923077,20191024,"1-ACR-1",8,8,"Run1","Site1","Apulchra","Coral",0.616,8.01,"16:55","17:05","Light",73,NA,NA,NA,-0.00279785000000001,-0.000286782726532884,-0.00251106727346713,-0.000313491544752451,-1.12856956110882
"68",4,"1-POC-3_4",181.210952620968,4.33467741934462e-05,27.4467272727273,20191025,"1-POC-3",2,8,"Run2","Site1","Pocillopora","Coral",0.608,15,"14:14","14:30","Light",67.83333333,NA,NA,NA,2.63548387096153e-05,-0.000286782726532884,0.000313137565242499,2.08758376828333e-05,0.0751530156581998
"69",4,"2-POR-1_4",145.887990808823,-0.00338051470588223,27.3888421052632,20191025,"2-POR-1",4,10,"Run1","Site2","Porites","Coral",0.61,6.1575216,"11:00","11:09","Light",67.83333333,NA,NA,NA,-0.00206211397058816,-0.000286782726532884,-0.00177533124405528,-0.00028831912567798,-1.03794885244073
"70",4,"2-POC-3_4",154.121307296997,-0.0121181979977753,27.4952444444444,20191025,"2-POC-3",5,11,"Run2","Site2","Pocillopora","Coral",0.59,15,"14:14","14:30","Light",67.83333333,NA,NA,NA,-0.00714973681868741,-0.000286782726532884,-0.00686295409215453,-0.000457530272810302,-1.64710898211709
"72",4,"2-POC-1_4",167.853547142857,-0.0049185714285715,27.4632105263158,20191025,"2-POC-1",1,7,"Run1","Site2","Pocillopora","Coral",0.608,45.44,"11:00","11:09","Light",67.83333333,NA,NA,NA,-0.00299049142857147,-0.000286782726532884,-0.00270370870203859,-5.9500631646976e-05,-0.214202273929113
"73",4,"2-ACR-3_4",177.763408495235,-0.00246696297653951,27.3312,20191025,"2-ACR-3",6,12,"Run2","Site2","Apulchra","Coral",0.605,15,"14:14","14:30","Light",67.83333333,NA,NA,NA,-0.00149251260080641,-0.000286782726532884,-0.00120572987427352,-8.03819916182348e-05,-0.289375169825645
"74",4,"1-ACR-3_4",175.793294047619,-0.00481785714285712,27.4226976744186,20191025,"1-ACR-3",1,7,"Run2","Site1","Apulchra","Coral",0.616,15,"14:14","14:30","Light",67.83333333,NA,NA,NA,-0.00296779999999999,-0.000286782726532884,-0.0026810172734671,-0.000178734484897807,-0.643444145632105
"75",4,"2-ACR-1_4",172.708341818182,-0.00328727272727253,27.25,20191025,"2-ACR-1",6,12,"Run1","Site2","Apulchra","Coral",0.6,9.56614963,"11:00","11:09","Light",67.83333333,NA,NA,NA,-0.00197236363636352,-0.000286782726532884,-0.00168558090983063,-0.000176202649448902,-0.634329538016047
"76",4,"1-POR-3_4",146.592774558824,-0.00531720588235291,27.4451071428571,20191026,"1-POR-3",4,1,"Run1","Site1","Porites","Coral",0.588,15,"10:03","10:14","Light",67.83333333,NA,NA,NA,-0.00312651705882351,-0.000286782726532884,-0.00283973433229063,-0.000189315622152708,-0.68153623974975
"77",4,"1-POR-2_4",165.436776818182,0.00142318181818179,27.9908076923077,20191024,"1-POR-2",1,11,"Run1","Site1","Porites","Coral",0.595,20.43,"16:55","17:05","Light",73,NA,NA,NA,0.000846793181818163,-0.000286782726532884,0.00113357590835105,5.54858496500757e-05,0.199749058740273
"78",4,"1-POR-1_4",173.333912377451,-0.000238357843137315,27.8190769230769,20191024,"1-POR-1",7,7,"Run1","Site1","Porites","Coral",0.6,11.43,"16:55","17:05","Light",73,NA,NA,NA,-0.000143014705882389,-0.000286782726532884,0.000143768020650495,1.25781295407257e-05,0.0452812663466126
"79",4,"2-POR-2_4",162.059962272727,-0.00444409090909112,27.4882631578947,20191025,"2-POR-2",5,11,"Run1","Site2","Porites","Coral",0.595,26.4207942,"11:00","11:09","Light",67.83333333,NA,NA,NA,-0.00264423409090921,-0.000286782726532884,-0.00235745136437633,-8.92271196138506e-05,-0.321217630609862
"80",4,"1-POC-1_4",166.746831323529,-0.00409161764705863,27.7173846153846,20191024,"1-POC-1",9,9,"Run1","Site1","Pocillopora","Coral",0.604,33.92,"16:55","17:05","Light",73,NA,NA,NA,-0.00247133705882341,-0.000286782726532884,-0.00218455433229053,-6.44031347963009e-05,-0.231851285266683
"81",4,"2-POC-2_4",161.074675815851,-0.00439143356643369,27.4278421052632,20191025,"2-POC-2",2,8,"Run1","Site2","Pocillopora","Coral",0.618,44.45,"11:00","11:09","Light",67.83333333,NA,NA,NA,-0.00271390594405602,-0.000286782726532884,-0.00242712321752314,-5.46034469634002e-05,-0.196572409068241
"83",4,"2-ACR-2_4",169.810665112782,-0.00838390977443607,27.5559545454545,20191025,"2-ACR-2",3,9,"Run2","Site2","Apulchra","Coral",0.61,15,"14:14","14:30","Light",67.83333333,NA,NA,NA,-0.005114184962406,-0.000286782726532884,-0.00482740223587312,-0.000321826815724875,-1.15857653660955
"84",4,"2-POR-3_4",145.185780753354,-0.00169097007223939,27.3569642857143,20191026,"2-POR-3",5,2,"Run1","Site2","Porites","Coral",0.578,15,"10:03","10:14","Light",67.83333333,NA,NA,NA,-0.000977380701754369,-0.000286782726532884,-0.000690597975221485,-4.60398650147657e-05,-0.165743514053156
"85",5,"1-POC-3_5",182.051112205882,0.00623191176470592,27.33292,20191025,"1-POC-3",2,8,"Run2","Site1","Pocillopora","Coral",0.608,15,"14:32","14:42","Light",115.3333333,NA,NA,NA,0.0037890023529412,-0.000289593368924169,0.00407859572186537,0.000271906381457691,0.978862973247689
"86",5,"1-POC-2_5",155.915066007905,0.00170022586109549,27.8881818181818,20191024,"1-POC-2",10,10,"Run1","Site1","Pocillopora","Coral",0.61,41.64,"17:07","17:20","Light",127,NA,NA,NA,0.00103713777526825,-0.000289593368924169,0.00132673114419242,3.18619391016431e-05,0.114702980765915
"89",5,"1-ACR-3_5",170.679160079051,-0.00228994918125352,27.31596,20191025,"1-ACR-3",1,7,"Run2","Site1","Apulchra","Coral",0.616,15,"14:32","14:42","Light",115.3333333,NA,NA,NA,-0.00141060869565217,-0.000289593368924169,-0.001121015326728,-7.47343551152001e-05,-0.26904367841472
"90",5,"1-ACR-2_5",153.498891417269,-0.00126259029927774,27.8962058823529,20191024,"1-ACR-2",2,12,"Run1","Site1","Apulchra","Coral",0.61,7.7,"17:07","17:20","Light",127,NA,NA,NA,-0.000770180082559421,-0.000289593368924169,-0.000480586713635252,-6.2413858913669e-05,-0.224689892089209
"91",5,"1-ACR-1_5",167.145892207792,-0.00429480519480507,27.6469393939394,20191024,"1-ACR-1",8,8,"Run1","Site1","Apulchra","Coral",0.616,8.01,"17:07","17:20","Light",127,NA,NA,NA,-0.00264559999999992,-0.000289593368924169,-0.00235600663107576,-0.00029413316243143,-1.05887938475315
"92",5,"1-POR-1_5",173.664974458875,0.00193896103896079,27.8292424242424,20191024,"1-POR-1",7,7,"Run1","Site1","Porites","Coral",0.6,11.43,"17:07","17:20","Light",127,NA,NA,NA,0.00116337662337648,-0.000289593368924169,0.00145296999230064,0.00012711898445325,0.457628344031699
"93",5,"2-POR-2_5",159.997765478261,0.000455391304347853,27.4953529411765,20191025,"2-POR-2",5,11,"Run1","Site2","Porites","Coral",0.595,26.4207942,"11:11","11:24","Light",115.3333333,NA,NA,NA,0.000270957826086973,-0.000289593368924169,0.000560551195011142,2.12162886084303e-05,0.0763786389903491
"94",5,"2-POR-1_5",143.736375318841,-0.00120604347826101,27.3948235294118,20191025,"2-POR-1",4,10,"Run1","Site2","Porites","Coral",0.61,6.1575216,"11:11","11:24","Light",115.3333333,NA,NA,NA,-0.000735686521739216,-0.000289593368924169,-0.000446093152815047,-7.24468677162329e-05,-0.260808723778438
"95",5,"2-POC-3_5",141.229444065934,-0.00597593406593427,27.3828,20191025,"2-POC-3",5,11,"Run2","Site2","Pocillopora","Coral",0.59,15,"14:32","14:42","Light",115.3333333,NA,NA,NA,-0.00352580109890122,-0.000289593368924169,-0.00323620772997705,-0.00021574718199847,-0.776689855194493
"96",5,"1-POC-1_5",163.975340263158,-0.00164026315789452,27.7174848484848,20191024,"1-POC-1",9,9,"Run1","Site1","Pocillopora","Coral",0.604,33.92,"17:07","17:20","Light",127,NA,NA,NA,-0.00099071894736829,-0.000289593368924169,-0.000701125578444121,-2.06699757796026e-05,-0.0744119128065694
"97",5,"2-POC-2_5",158.706095454545,-0.00238003952569173,27.4353529411765,20191025,"2-POC-2",2,8,"Run1","Site2","Pocillopora","Coral",0.618,44.45,"11:11","11:24","Light",115.3333333,NA,NA,NA,-0.00147086442687749,-0.000289593368924169,-0.00118127105795332,-2.6575276894338e-05,-0.0956709968196166
"98",5,"2-POC-1_5",165.002812413793,-0.00319862068965516,27.4625588235294,20191025,"2-POC-1",1,7,"Run1","Site2","Pocillopora","Coral",0.608,45.44,"11:11","11:24","Light",115.3333333,NA,NA,NA,-0.00194476137931034,-0.000289593368924169,-0.00165516801038617,-3.64253523412449e-05,-0.131131268428482
"99",5,"2-ACR-3_5",175.357107857143,7.7857142857274e-05,27.223,20191025,"2-ACR-3",6,12,"Run2","Site2","Apulchra","Coral",0.605,15,"14:32","14:42","Light",115.3333333,NA,NA,NA,4.71035714286507e-05,-0.000289593368924169,0.00033669694035282,2.2446462690188e-05,0.0808072656846768
"101",5,"2-ACR-2_5",160.739646616541,-0.00482932330827044,27.40008,20191025,"2-ACR-2",3,9,"Run2","Site2","Apulchra","Coral",0.61,15,"14:32","14:42","Light",115.3333333,NA,NA,NA,-0.00294588721804497,-0.000289593368924169,-0.0026562938491208,-0.000177086256608053,-0.637510523788991
"102",5,"2-ACR-1_5",170.583301391304,-0.00272530434782613,27.2758823529412,20191025,"2-ACR-1",6,12,"Run1","Site2","Apulchra","Coral",0.6,9.56614963,"11:11","11:24","Light",115.3333333,NA,NA,NA,-0.00163518260869568,-0.000289593368924169,-0.00134558923977151,-0.000140661529645288,-0.506381506723037
"103",5,"1-POR-3_5",143.253839438339,0.00050976800976805,27.5734507042254,20191026,"1-POR-3",4,1,"Run1","Site1","Porites","Coral",0.588,15,"10:16","10:27","Light",115.3333333,NA,NA,NA,0.000299743589743614,-0.000289593368924169,0.000589336958667783,3.92891305778522e-05,0.141440870080268
"104",5,"1-POR-2_5",166.586021052632,0.00415438596491245,27.9996764705882,20191024,"1-POR-2",1,11,"Run1","Site1","Porites","Coral",0.595,20.43,"17:07","17:20","Light",127,NA,NA,NA,0.00247185964912291,-0.000289593368924169,0.00276145301804708,0.000135166569654776,0.486599650757194
"105",5,"2-POR-3_5",145.196091244101,0.00199584298584308,27.5217887323944,20191026,"2-POR-3",5,2,"Run1","Site2","Porites","Coral",0.578,15,"10:16","10:27","Light",115.3333333,NA,NA,NA,0.0011535972458173,-0.000289593368924169,0.00144319061474147,9.62127076494314e-05,0.346365747537953
"106",6,"1-ACR-1_6",162.43832745614,-0.00121692982456132,27.6550526315789,20191024,"1-ACR-1",8,8,"Run1","Site1","Apulchra","Coral",0.616,8.01,"17:22","17:36","Light",175,NA,NA,NA,-0.000749628771929771,-0.000256026096594674,-0.000493602675335096,-6.16233052852805e-05,-0.22184389902701
"107",6,"1-POR-2_6",168.371760615385,0.00421476923076917,28.0043846153846,20191024,"1-POR-2",1,11,"Run1","Site1","Porites","Coral",0.595,20.43,"17:22","17:36","Light",175,NA,NA,NA,0.00250778769230766,-0.000256026096594674,0.00276381378890233,0.000135282123783766,0.487015645621556
"108",6,"1-POR-1_6",173.689616076923,0.00462392307692302,27.8334615384615,20191024,"1-POR-1",7,7,"Run1","Site1","Porites","Coral",0.6,11.43,"17:22","17:36","Light",175,NA,NA,NA,0.00277435384615381,-0.000256026096594674,0.00303037994274848,0.000265125104352448,0.954450375668814
"109",6,"1-POC-3_6",187.216009615385,0.0107211538461536,27.30525,20191025,"1-POC-3",2,8,"Run2","Site1","Pocillopora","Coral",0.608,15,"14:44","14:54","Light",165.5,NA,NA,NA,0.00651846153846141,-0.000256026096594674,0.00677448763505609,0.000451632509003739,1.62587703241346
"110",6,"1-POC-2_6",154.780951650246,0.00506854679802961,27.8961578947368,20191024,"1-POC-2",10,10,"Run1","Site1","Pocillopora","Coral",0.61,41.64,"17:22","17:36","Light",175,NA,NA,NA,0.00309181354679806,-0.000256026096594674,0.00334783964339274,8.03996071900273e-05,0.289438585884098
"111",6,"2-POC-3_6",137.328915934066,-0.00190494505494513,27.3598333333333,20191025,"2-POC-3",5,11,"Run2","Site2","Pocillopora","Coral",0.59,15,"14:44","14:54","Light",165.5,NA,NA,NA,-0.00112391758241763,-0.000256026096594674,-0.000867891485822954,-5.7859432388197e-05,-0.208293956597509
"112",6,"1-POC-1_6",160.347083202899,0.000203608695652039,27.7130526315789,20191024,"1-POC-1",9,9,"Run1","Site1","Pocillopora","Coral",0.604,33.92,"17:22","17:36","Light",175,NA,NA,NA,0.000122979652173832,-0.000256026096594674,0.000379005748768506,1.11735185368074e-05,0.0402246667325065
"115",6,"2-ACR-3_6",175.745503553922,0.00247438725490197,27.203125,20191025,"2-ACR-3",6,12,"Run2","Site2","Apulchra","Coral",0.605,15,"14:44","14:54","Light",165.5,NA,NA,NA,0.00149700428921569,-0.000256026096594674,0.00175303038581037,0.000116868692387358,0.420727292594488
"117",6,"1-ACR-3_6",169.040018379447,4.655561829482e-05,27.284625,20191025,"1-ACR-3",1,7,"Run2","Site1","Apulchra","Coral",0.616,15,"14:44","14:54","Light",165.5,NA,NA,NA,2.86782608696091e-05,-0.000256026096594674,0.000284704357464283,1.89802904976189e-05,0.068329045791428
"118",6,"1-ACR-2_6",151.289713225806,0.000731935483870934,27.9013333333333,20191024,"1-ACR-2",2,12,"Run1","Site1","Apulchra","Coral",0.61,7.7,"17:22","17:36","Light",175,NA,NA,NA,0.00044648064516127,-0.000256026096594674,0.000702506741755944,9.12346417864862e-05,0.32844471043135
"119",6,"1-POR-3_6",137.173336119711,0.0227712074303405,27.72516,20191026,"1-POR-3",4,1,"Run1","Site1","Porites","Coral",0.588,15,"10:44","10:54","Light",115.3333333,NA,NA,NA,0.0133894699690402,-0.000256026096594674,0.0136454960656349,0.000909699737708991,3.27491905575237
"120",6,"2-POR-3_6",148.601615147059,0.0112789705882354,27.694,20191026,"2-POR-3",5,2,"Run1","Site2","Porites","Coral",0.578,15,"10:44","10:54","Light",115.3333333,NA,NA,NA,0.00651924500000005,-0.000256026096594674,0.00677527109659472,0.000451684739772982,1.62606506318273
"121",6,"2-POR-2_6",160.637089778325,0.00414174876847293,27.4313898305085,20191025,"2-POR-2",5,11,"Run1","Site2","Porites","Coral",0.595,26.4207942,"11:26","11:47","Light",165.5,NA,NA,NA,0.00246434051724139,-0.000256026096594674,0.00272036661383607,0.000102963090104084,0.370667124374703
"122",6,"2-POR-1_6",142.300691610644,0.000312591036414582,27.2920338983051,20191025,"2-POR-1",4,10,"Run1","Site2","Porites","Coral",0.61,6.1575216,"11:26","11:47","Light",165.5,NA,NA,NA,0.000190680532212895,-0.000256026096594674,0.000446706628807569,7.25464980597988e-05,0.261167393015276
"123",6,"2-POC-2_6",156.568000381753,-0.00104825690276109,27.3633220338983,20191025,"2-POC-2",2,8,"Run1","Site2","Pocillopora","Coral",0.618,44.45,"11:26","11:47","Light",165.5,NA,NA,NA,-0.000647822765906357,-0.000256026096594674,-0.000391796669311682,-8.81432326910421e-06,-0.0317315637687752
"124",6,"2-POC-1_6",162.147755269697,-0.00173368851794834,27.3661016949153,20191025,"2-POC-1",1,7,"Run1","Site2","Pocillopora","Coral",0.608,45.44,"11:26","11:47","Light",165.5,NA,NA,NA,-0.00105408261891259,-0.000256026096594674,-0.000798056522317919,-1.75628636073486e-05,-0.0632263089864548
"125",6,"2-ACR-2_6",157.395965617716,-0.00213111888111909,27.350875,20191025,"2-ACR-2",3,9,"Run2","Site2","Apulchra","Coral",0.61,15,"14:44","14:54","Light",165.5,NA,NA,NA,-0.00129998251748265,-0.000256026096594674,-0.00104395642088797,-6.95970947258648e-05,-0.250549541013113
"126",6,"2-ACR-1_6",168.096527900697,-0.000906123693379856,27.2105762711864,20191025,"2-ACR-1",6,12,"Run1","Site2","Apulchra","Coral",0.6,9.56614963,"11:26","11:47","Light",165.5,NA,NA,NA,-0.000543674216027914,-0.000256026096594674,-0.000287648119433239,-3.00693727945838e-05,-0.108249742060502
"127",7,"1-ACR-1_7",161.63554,0.00264787878787857,27.6719,20191024,"1-ACR-1",8,8,"Run1","Site1","Apulchra","Coral",0.616,8.01,"17:38","17:47","Light",339,NA,NA,NA,0.0016310933333332,-0.000465383337155003,0.0020964766704882,0.000261732418288165,0.942236705837393
"128",7,"1-POC-2_7",160.511415,0.0096577272727274,27.89355,20191024,"1-POC-2",10,10,"Run1","Site1","Pocillopora","Coral",0.61,41.64,"17:38","17:47","Light",339,NA,NA,NA,0.00589121363636371,-0.000465383337155003,0.00635659697351871,0.000152656027221871,0.549561697998736
"129",7,"2-POC-3_7",138.285538235294,0.00621176470588212,27.35708,20191025,"2-POC-3",5,11,"Run2","Site2","Pocillopora","Coral",0.59,15,"15:00","15:11","Light",315,NA,NA,NA,0.00366494117647045,-0.000465383337155003,0.00413032451362545,0.00027535496757503,0.991277883270109
"131",7,"2-ACR-3_7",179.73884547619,0.00637357142857155,27.18248,20191025,"2-ACR-3",6,12,"Run2","Site2","Apulchra","Coral",0.605,15,"15:00","15:11","Light",315,NA,NA,NA,0.00385601071428579,-0.000465383337155003,0.00432139405144079,0.000288092936762719,1.03713457234579
"132",7,"1-ACR-2_7",152.421647202381,0.00399446428571456,27.91315,20191024,"1-ACR-2",2,12,"Run1","Site1","Apulchra","Coral",0.61,7.7,"17:38","17:47","Light",339,NA,NA,NA,0.00243662321428588,-0.000465383337155003,0.00290200655144089,0.000376883967719595,1.35678228379054
"133",7,"1-POR-3_7",151.582508823529,0.012785294117647,27.8871481481481,20191026,"1-POR-3",4,1,"Run1","Site1","Porites","Coral",0.588,15,"10:56","11:06","Light",315,NA,NA,NA,0.00751775294117645,-0.000465383337155003,0.00798313627833146,0.000532209085222097,1.91595270679955
"134",7,"1-POR-2_7",173.844989107143,0.00874303571428586,28.01215,20191024,"1-POR-2",1,11,"Run1","Site1","Porites","Coral",0.595,20.43,"17:38","17:47","Light",339,NA,NA,NA,0.00520210625000009,-0.000465383337155003,0.00566748958715509,0.000277410160898438,0.998676579234377
"135",7,"1-POR-1_7",178.623081978022,0.00741472527472544,27.84415,20191024,"1-POR-1",7,7,"Run1","Site1","Porites","Coral",0.6,11.43,"17:38","17:47","Light",339,NA,NA,NA,0.00444883516483526,-0.000465383337155003,0.00491421850199026,0.000429940376377101,1.54778535495756
"136",7,"1-POC-3_7",201.955215627706,0.0201912987012988,27.3031666666667,20191025,"1-POC-3",2,8,"Run2","Site1","Pocillopora","Coral",0.608,15,"15:00","15:11","Light",315,NA,NA,NA,0.0122763096103896,-0.000465383337155003,0.0127416929475446,0.000849446196502976,3.05800630741071
"137",7,"2-POR-1_7",142.502095745921,0.00216416083916085,27.2574838709677,20191025,"2-POR-1",4,10,"Run1","Site2","Porites","Coral",0.61,6.1575216,"11:49","12:01","Light",315,NA,NA,NA,0.00132013811188812,-0.000465383337155003,0.00178552144904312,0.000289974045571049,1.04390656405578
"138",7,"1-POC-1_7",161.221182777778,0.00512833333333335,27.7153,20191024,"1-POC-1",9,9,"Run1","Site1","Pocillopora","Coral",0.604,33.92,"17:38","17:47","Light",339,NA,NA,NA,0.00309751333333335,-0.000465383337155003,0.00356289667048835,0.000105038227313925,0.378137618330131
"140",7,"2-POC-1_7",159.961487727273,0.00138499999999985,27.3235625,20191025,"2-POC-1",1,7,"Run1","Site2","Pocillopora","Coral",0.608,45.44,"11:49","12:01","Light",315,NA,NA,NA,0.000842079999999906,-0.000465383337155003,0.00130746333715491,2.87734009056978e-05,0.103584243260512
"142",7,"1-ACR-3_7",170.715974853801,0.00445789473684215,27.2603333333333,20191025,"1-ACR-3",1,7,"Run2","Site1","Apulchra","Coral",0.616,15,"15:00","15:11","Light",315,NA,NA,NA,0.00274606315789476,-0.000465383337155003,0.00321144649504977,0.000214096433003318,0.770747158811944
"143",7,"2-ACR-1_7",166.902449616858,0.00223429118773942,27.1732258064516,20191025,"2-ACR-1",6,12,"Run1","Site2","Apulchra","Coral",0.6,9.56614963,"11:49","12:01","Light",315,NA,NA,NA,0.00134057471264365,-0.000465383337155003,0.00180595804979865,0.000188786305844001,0.679630701038402
"144",7,"2-POR-3_7",156.300097481203,0.00916116541353379,27.8292962962963,20191026,"2-POR-3",5,2,"Run1","Site2","Porites","Coral",0.578,15,"10:56","11:06","Light",315,NA,NA,NA,0.00529515360902253,-0.000465383337155003,0.00576053694617753,0.000384035796411836,1.38252886708261
"145",7,"2-POR-2_7",166.239237261905,0.0113889285714286,27.4017741935484,20191025,"2-POR-2",5,11,"Run1","Site2","Porites","Coral",0.595,26.4207942,"11:49","12:01","Light",315,NA,NA,NA,0.00677641249999999,-0.000465383337155003,0.00724179583715499,0.000274094555308825,0.986740399111771
"146",7,"2-POC-2_7",155.24444006917,0.00159748023715402,27.3221875,20191025,"2-POC-2",2,8,"Run1","Site2","Pocillopora","Coral",0.618,44.45,"11:49","12:01","Light",315,NA,NA,NA,0.000987242786561182,-0.000465383337155003,0.00145262612371618,3.26800027832663e-05,0.117648010019759
"147",7,"2-ACR-2_7",157.204307692308,0.0043956043956043,27.3100416666667,20191025,"2-ACR-2",3,9,"Run2","Site2","Apulchra","Coral",0.61,15,"15:00","15:11","Light",315,NA,NA,NA,0.00268131868131862,-0.000465383337155003,0.00314670201847363,0.000209780134564908,0.755208484433671
"148",8,"1-POC-2_8",166.832051785714,0.0137577380952386,27.9068125,20191024,"1-POC-2",10,10,"Run1","Site1","Pocillopora","Coral",0.61,41.64,"17:48","17:55","Light",547,NA,NA,NA,0.00839222023809555,-0.000371703037760351,0.0087639232758559,0.000210468858690103,0.757687891284372
"150",8,"1-ACR-2_8",154.879851785714,0.00525535714285809,27.9443333333333,20191024,"1-ACR-2",2,12,"Run1","Site1","Apulchra","Coral",0.61,7.7,"17:48","17:55","Light",547,NA,NA,NA,0.00320576785714343,-0.000371703037760351,0.00357747089490379,0.000464606609727764,1.67258379501995
"151",8,"1-ACR-1_8",163.558675,0.00586346153846147,27.6922666666667,20191024,"1-ACR-1",8,8,"Run1","Site1","Apulchra","Coral",0.616,8.01,"17:48","17:55","Light",547,NA,NA,NA,0.00361189230769227,-0.000371703037760351,0.00398359534545262,0.000497327758483473,1.7903799305405
"152",8,"1-POC-3_8",217.585741463768,0.0267005652173912,27.3582857142857,20191025,"1-POC-3",2,8,"Run2","Site1","Pocillopora","Coral",0.608,15,"15:13","15:24","Light",493.5,NA,NA,NA,0.0162339436521739,-0.000371703037760351,0.0166056466899342,0.00110704311266228,3.98535520558421
"153",8,"2-POR-1_8",144.845309393939,0.0038724242424243,27.2360666666667,20191025,"2-POR-1",4,10,"Run1","Site2","Porites","Coral",0.61,6.1575216,"12:03","12:10","Light",493.5,NA,NA,NA,0.00236217878787882,-0.000371703037760351,0.00273388182563918,0.000443990618829364,1.59836622778571
"154",8,"2-POC-3_8",143.046815269231,0.0104347307692307,27.4214137931034,20191025,"2-POC-3",5,11,"Run2","Site2","Pocillopora","Coral",0.59,15,"15:13","15:24","Light",493.5,NA,NA,NA,0.0061564911538461,-0.000371703037760351,0.00652819419160645,0.000435212946107097,1.56676660598555
"156",8,"2-POC-1_8",161.703023406593,0.00394802197802195,27.3046666666667,20191025,"2-POC-1",1,7,"Run1","Site2","Pocillopora","Coral",0.608,45.44,"12:03","12:10","Light",493.5,NA,NA,NA,0.00240039736263734,-0.000371703037760351,0.00277210040039769,6.10057306425549e-05,0.219620630313198
"157",8,"2-ACR-3_8",184.488998005698,0.00884041514041505,27.2468275862069,20191025,"2-ACR-3",6,12,"Run2","Site2","Apulchra","Coral",0.605,15,"15:13","15:24","Light",493.5,NA,NA,NA,0.00534845115995111,-0.000371703037760351,0.00572015419771146,0.000381343613180764,1.37283700745075
"158",8,"1-ACR-3_8",174.354133,0.00868699999999997,27.3078571428571,20191025,"1-ACR-3",1,7,"Run2","Site1","Apulchra","Coral",0.616,15,"15:13","15:24","Light",493.5,NA,NA,NA,0.00535119199999998,-0.000371703037760351,0.00572289503776034,0.000381526335850689,1.37349480906248
"159",8,"2-ACR-1_8",169.036164848485,0.00558060606060633,27.1694,20191025,"2-ACR-1",6,12,"Run1","Site2","Apulchra","Coral",0.6,9.56614963,"12:03","12:10","Light",493.5,NA,NA,NA,0.0033483636363638,-0.000371703037760351,0.00372006667412415,0.000388878160807542,1.39996137890715
"160",8,"1-POR-3_8",161.569567137211,0.0206621118012422,27.9413461538462,20191026,"1-POR-3",4,1,"Run1","Site1","Porites","Coral",0.588,15,"11:08","11:18","Light",493.5,NA,NA,NA,0.0121493217391304,-0.000371703037760351,0.0125210247768908,0.000834734985126051,3.00504594645378
"161",8,"1-POR-2_8",179.130423636364,0.0101036363636363,28.0689333333333,20191024,"1-POR-2",1,11,"Run1","Site1","Porites","Coral",0.595,20.43,"17:48","17:55","Light",547,NA,NA,NA,0.00601166363636358,-0.000371703037760351,0.00638336667412393,0.000312450644842092,1.12482232143153
"162",8,"1-POR-1_8",183.23078,0.01172,27.8628,20191024,"1-POR-1",7,7,"Run1","Site1","Porites","Coral",0.6,11.43,"17:48","17:55","Light",547,NA,NA,NA,0.00703199999999998,-0.000371703037760351,0.00740370303776033,0.000647743047923039,2.33187497252294
"163",8,"2-POR-2_8",176.211848351648,0.0161516483516484,27.4236666666667,20191025,"2-POR-2",5,11,"Run1","Site2","Porites","Coral",0.595,26.4207942,"12:03","12:10","Light",493.5,NA,NA,NA,0.00961023076923078,-0.000371703037760351,0.00998193380699113,0.000377805970987471,1.36010149555489
"164",8,"1-POC-1_8",164.238133636364,0.00764818181818128,27.7349375,20191024,"1-POC-1",9,9,"Run1","Site1","Pocillopora","Coral",0.604,33.92,"17:48","17:55","Light",547,NA,NA,NA,0.00461950181818149,-0.000371703037760351,0.00499120485594185,0.000147146369573757,0.529726930465526
"165",8,"2-POC-2_8",156.943556666667,0.00273857142857118,27.3228666666667,20191025,"2-POC-2",2,8,"Run1","Site2","Pocillopora","Coral",0.618,44.45,"12:03","12:10","Light",493.5,NA,NA,NA,0.00169243714285699,-0.000371703037760351,0.00206414018061734,4.64373493952157e-05,0.167174457822777
"167",8,"2-ACR-2_8",160.868556410257,0.00968951048951025,27.3338928571429,20191025,"2-ACR-2",3,9,"Run2","Site2","Apulchra","Coral",0.61,15,"15:13","15:24","Light",493.5,NA,NA,NA,0.00591060139860125,-0.000371703037760351,0.0062823044363616,0.00041882029575744,1.50775306472679
"168",8,"2-POR-3_8",162.830885151515,0.0113261038961038,27.9311538461538,20191026,"2-POR-3",5,2,"Run1","Site2","Porites","Coral",0.578,15,"11:08","11:18","Light",493.5,NA,NA,NA,0.006546488051948,-0.000371703037760351,0.00691819108970835,0.00046121273931389,1.66036586153
"169",9,"1-POC-3_9",239.472178351648,0.0308172527472526,27.4761304347826,20191025,"1-POC-3",2,8,"Run2","Site1","Pocillopora","Coral",0.608,15,"15:26","15:36","Light",677,NA,NA,NA,0.0187368896703296,-0.000380484820734802,0.0191173744910644,0.00127449163273763,4.58816987785546
"170",9,"1-POC-2_9",174.487642307692,0.016214835164835,27.9034666666667,20191024,"1-POC-2",10,10,"Run1","Site1","Pocillopora","Coral",0.61,41.64,"17:57","18:03","Light",734,NA,NA,NA,0.00989104945054938,-0.000380484820734802,0.0102715342712842,0.000246674694315182,0.888028899534655
"173",9,"1-ACR-3_9",181.428920054945,0.0115469780219782,27.4079130434783,20191025,"1-ACR-3",1,7,"Run2","Site1","Apulchra","Coral",0.616,15,"15:26","15:36","Light",677,NA,NA,NA,0.00711293846153856,-0.000380484820734802,0.00749342328227336,0.000499561552151557,1.79842158774561
"174",9,"1-ACR-2_9",157.76872,0.00907999999999959,27.9501428571429,20191024,"1-ACR-2",2,12,"Run1","Site1","Apulchra","Coral",0.61,7.7,"17:57","18:03","Light",734,NA,NA,NA,0.00553879999999975,-0.000380484820734802,0.00591928482073455,0.000768738288407084,2.7674578382655
"175",9,"1-ACR-1_9",166.913709090909,0.00870909090909108,27.7062666666667,20191024,"1-ACR-1",8,8,"Run1","Site1","Apulchra","Coral",0.616,8.01,"17:57","18:03","Light",734,NA,NA,NA,0.00536480000000011,-0.000380484820734802,0.00574528482073491,0.000717264022563659,2.58215048122917
"176",9,"1-POR-1_9",188.453663888889,0.0105583333333328,27.8569333333333,20191024,"1-POR-1",7,7,"Run1","Site1","Porites","Coral",0.6,11.43,"17:57","18:03","Light",734,NA,NA,NA,0.00633499999999968,-0.000380484820734802,0.00671548482073448,0.00058753148037922,2.11511332936519
"177",9,"2-POR-2_9",184.873844444444,0.0196000000000001,27.47725,20191025,"2-POR-2",5,11,"Run1","Site2","Porites","Coral",0.595,26.4207942,"12:12","12:19","Light",677,NA,NA,NA,0.0116620000000001,-0.000380484820734802,0.0120424848207349,0.000455795716418505,1.64086457910662
"178",9,"2-POR-1_9",146.961738333333,0.00562357142857162,27.3018125,20191025,"2-POR-1",4,10,"Run1","Site2","Porites","Coral",0.61,6.1575216,"12:12","12:19","Light",677,NA,NA,NA,0.00343037857142869,-0.000380484820734802,0.00381086339216349,0.000618895659604912,2.22802437457768
"179",9,"2-POC-3_9",151.563482156973,0.0123066629023152,27.555625,20191025,"2-POC-3",5,11,"Run2","Site2","Pocillopora","Coral",0.59,15,"15:26","15:36","Light",677,NA,NA,NA,0.00726093111236597,-0.000380484820734802,0.00764141593310077,0.000509427728873385,1.83393982394418
"180",9,"1-POC-1_9",168.308716491841,0.00891171328671318,27.7263333333333,20191024,"1-POC-1",9,9,"Run1","Site1","Pocillopora","Coral",0.604,33.92,"17:57","18:03","Light",734,NA,NA,NA,0.00538267482517476,-0.000380484820734802,0.00576315964590956,0.000169904470693088,0.611656094495118
"181",9,"2-POC-2_9",158.691504120879,0.00467719780219792,27.36525,20191025,"2-POC-2",2,8,"Run1","Site2","Pocillopora","Coral",0.618,44.45,"12:12","12:19","Light",677,NA,NA,NA,0.00289050824175832,-0.000380484820734802,0.00327099306249312,7.35881453879217e-05,0.264917323396518
"182",9,"2-POC-1_9",163.835668095238,0.00579857142857157,27.3595,20191025,"2-POC-1",1,7,"Run1","Site2","Pocillopora","Coral",0.608,45.44,"12:12","12:19","Light",677,NA,NA,NA,0.00352553142857151,-0.000380484820734802,0.00390601624930631,8.59598646414242e-05,0.309455512709127
"183",9,"2-ACR-3_9",191.206936388889,0.0116858333333336,27.3643333333333,20191025,"2-ACR-3",6,12,"Run2","Site2","Apulchra","Coral",0.605,15,"15:26","15:36","Light",677,NA,NA,NA,0.00706992916666681,-0.000380484820734802,0.00745041398740161,0.000496694265826774,1.78809935697639
"185",9,"2-ACR-2_9",168.884946047431,0.0130929136081311,27.4210833333333,20191025,"2-ACR-2",3,9,"Run2","Site2","Apulchra","Coral",0.61,15,"15:26","15:36","Light",677,NA,NA,NA,0.00798667730095994,-0.000380484820734802,0.00836716212169475,0.000557810808112983,2.00811890920674
"186",9,"2-ACR-1_9",171.809487692308,0.00705516483516484,27.2092941176471,20191025,"2-ACR-1",6,12,"Run1","Site2","Apulchra","Coral",0.6,9.56614963,"12:12","12:19","Light",677,NA,NA,NA,0.0042330989010989,-0.000380484820734802,0.0046135837218337,0.000482282203423333,1.736215932324
"187",9,"1-POR-3_9",176.790966362625,0.024537085650723,27.9966666666667,20191026,"1-POR-3",4,1,"Run1","Site1","Porites","Coral",0.588,15,"11:20","11:32","Light",677,NA,NA,NA,0.0144278063626251,-0.000380484820734802,0.0148082911833599,0.000987219412223995,3.55398988400638
"188",9,"1-POR-2_9",184.831571386946,0.0117316433566431,28.0862666666667,20191024,"1-POR-2",1,11,"Run1","Site1","Porites","Coral",0.595,20.43,"17:57","18:03","Light",734,NA,NA,NA,0.00698032779720265,-0.000380484820734802,0.00736081261793745,0.000360294303374325,1.29705949214757
"189",9,"2-POR-3_9",171.11780364532,0.0127796059113301,28.0240303030303,20191026,"2-POR-3",5,2,"Run1","Site2","Porites","Coral",0.578,15,"11:20","11:32","Light",677,NA,NA,NA,0.00738661221674881,-0.000380484820734802,0.00776709703748361,0.000517806469165574,1.86410328899607
"190",10,"1-ACR-1_10",171.398506373626,0.00958373626373605,27.7336111111111,20191024,"1-ACR-1",8,8,"Run1","Site1","Apulchra","Coral",0.616,8.01,"18:05","18:13","Light",886,NA,NA,NA,0.00590358153846141,-0.000272382571379402,0.00617596410984081,0.000771031724075008,2.77571420667003
"191",10,"1-POC-2_10",183.006494485294,0.0178584558823529,27.9341666666667,20191024,"1-POC-2",10,10,"Run1","Site1","Pocillopora","Coral",0.61,41.64,"18:05","18:13","Light",886,NA,NA,NA,0.0108936580882353,-0.000272382571379402,0.0111660406596147,0.000268156596052226,0.965363745788013
"192",10,"2-POC-3_10",160.669248888889,0.0137733333333335,27.6976666666667,20191025,"2-POC-3",5,11,"Run2","Site2","Pocillopora","Coral",0.59,15,"15:38","15:46","Light",815.5,NA,NA,NA,0.00812626666666677,-0.000272382571379402,0.00839864923804617,0.000559909949203078,2.01567581713108
"194",10,"2-ACR-3_10",199.032455494506,0.0104895604395603,27.4947777777778,20191025,"2-ACR-3",6,12,"Run2","Site2","Apulchra","Coral",0.605,15,"15:38","15:46","Light",815.5,NA,NA,NA,0.00634618406593399,-0.000272382571379402,0.00661856663731339,0.000441237775820893,1.58845599295521
"195",10,"1-ACR-2_10",161.639192890443,0.00704370629370611,27.9839411764706,20191024,"1-ACR-2",2,12,"Run1","Site1","Apulchra","Coral",0.61,7.7,"18:05","18:13","Light",886,NA,NA,NA,0.00429666083916072,-0.000272382571379402,0.00456904341054013,0.000593382261109107,2.13617613999279
"196",10,"1-POR-3_10",198.225820654762,0.0255269642857144,28.0141071428571,20191026,"1-POR-3",4,1,"Run1","Site1","Porites","Coral",0.588,15,"11:34","11:45","Light",815.5,NA,NA,NA,0.0150098550000001,-0.000272382571379402,0.0152822375713795,0.00101881583809196,3.66773701713107
"197",10,"1-POR-2_10",190.471118181818,0.0110272727272725,28.157,20191024,"1-POR-2",1,11,"Run1","Site1","Porites","Coral",0.595,20.43,"18:05","18:13","Light",886,NA,NA,NA,0.00656122727272714,-0.000272382571379402,0.00683360984410654,0.000334488979153526,1.20416032495269
"198",10,"1-POR-1_10",193.789557142857,0.0101351648351647,27.8790588235294,20191024,"1-POR-1",7,7,"Run1","Site1","Porites","Coral",0.6,11.43,"18:05","18:13","Light",886,NA,NA,NA,0.00608109890109884,-0.000272382571379402,0.00635348147247824,0.000555860146323556,2.0010965267648
"199",10,"1-POC-3_10",262.168970220588,0.0286180147058822,27.6132777777778,20191025,"1-POC-3",2,8,"Run2","Site1","Pocillopora","Coral",0.608,15,"15:38","15:46","Light",815.5,NA,NA,NA,0.0173997529411764,-0.000272382571379402,0.0176721355125558,0.00117814236750372,4.24131252301338
"200",10,"2-POR-1_10",150.298589120879,0.0060526373626371,27.4092608695652,20191025,"2-POR-1",4,10,"Run1","Site2","Porites","Coral",0.61,6.1575216,"12:21","12:31","Light",815.5,NA,NA,NA,0.00369210879120863,-0.000272382571379402,0.00396449136258803,0.000643845303374662,2.31784309214878
"201",10,"1-POC-1_10",172.810371098901,0.00904868131868125,27.7468888888889,20191024,"1-POC-1",9,9,"Run1","Site1","Pocillopora","Coral",0.604,33.92,"18:05","18:13","Light",886,NA,NA,NA,0.00546540351648347,-0.000272382571379402,0.00573778608786287,0.000169156429477089,0.608963146117522
"203",10,"2-POC-1_10",167.208275324675,0.00629610389610389,27.4621304347826,20191025,"2-POC-1",1,7,"Run1","Site2","Pocillopora","Coral",0.608,45.44,"12:21","12:31","Light",815.5,NA,NA,NA,0.00382803116883117,-0.000272382571379402,0.00410041374021057,9.02379784377326e-05,0.324856722375837
"205",10,"1-ACR-3_10",189.843817074592,0.0129393356643358,27.53,20191025,"1-ACR-3",1,7,"Run2","Site1","Apulchra","Coral",0.616,15,"15:38","15:46","Light",815.5,NA,NA,NA,0.00797063076923084,-0.000272382571379402,0.00824301334061025,0.00054953422270735,1.97832320174646
"206",10,"2-ACR-1_10",176.062071853147,0.00781975524475495,27.307,20191025,"2-ACR-1",6,12,"Run1","Site2","Apulchra","Coral",0.6,9.56614963,"12:21","12:31","Light",815.5,NA,NA,NA,0.00469185314685297,-0.000272382571379402,0.00496423571823237,0.000518937703280768,1.86817573181077
"207",10,"2-POR-3_10",182.062648571429,0.0140657142857139,28.0833928571429,20191026,"2-POR-3",5,2,"Run1","Site2","Porites","Coral",0.578,15,"11:34","11:45","Light",815.5,NA,NA,NA,0.00812998285714265,-0.000272382571379402,0.00840236542852205,0.000560157695234803,2.01656770284529
"208",10,"2-POR-2_10",196.245228421053,0.0214733333333333,27.6081304347826,20191025,"2-POR-2",5,11,"Run1","Site2","Porites","Coral",0.595,26.4207942,"12:21","12:31","Light",815.5,NA,NA,NA,0.0127766333333333,-0.000272382571379402,0.0130490159047127,0.000493891887046784,1.77801079336842
"209",10,"2-POC-2_10",161.463188988095,0.0058633928571428,27.4706956521739,20191025,"2-POC-2",2,8,"Run1","Site2","Pocillopora","Coral",0.618,44.45,"12:21","12:31","Light",815.5,NA,NA,NA,0.00362357678571425,-0.000272382571379402,0.00389595935709365,8.76481295184174e-05,0.315533266266303
"210",10,"2-ACR-2_10",178.836800059524,0.0150023214285715,27.5306111111111,20191025,"2-ACR-2",3,9,"Run2","Site2","Apulchra","Coral",0.61,15,"15:38","15:46","Light",815.5,NA,NA,NA,0.00915141607142862,-0.000272382571379402,0.00942379864280803,0.000628253242853868,2.26171167427393
"211",11,"1-POC-2_11",193.220428181818,0.0193536363636365,27.9401875,20191024,"1-POC-2",10,10,"Run1","Site1","Pocillopora","Coral",0.61,41.64,"18:15","18:26","Light",1125,NA,NA,NA,0.0118057181818183,-0.000299321298773739,0.012105039480592,0.000290707000014217,1.04654520005118
"213",11,"1-ACR-2_11",165.940345629371,0.00797604895104873,27.9886666666667,20191024,"1-ACR-2",2,12,"Run1","Site1","Apulchra","Coral",0.61,7.7,"18:15","18:26","Light",1125,NA,NA,NA,0.00486538986013972,-0.000299321298773739,0.00516471115891346,0.0006707417089498,2.41467015221928
"214",11,"1-ACR-1_11",176.979672960373,0.0111755244755243,27.75425,20191024,"1-ACR-1",8,8,"Run1","Site1","Apulchra","Coral",0.616,8.01,"18:15","18:26","Light",1125,NA,NA,NA,0.00688412307692296,-0.000299321298773739,0.0071834443756967,0.000896809535043284,3.22851432615582
"215",11,"1-POC-3_11",279.382381428571,0.0284185714285714,27.7275333333333,20191025,"1-POC-3",2,8,"Run2","Site1","Pocillopora","Coral",0.608,15,"15:49","15:56","Light",1072.833333,NA,NA,NA,0.0172784914285714,-0.000299321298773739,0.0175778127273452,0.00117185418182301,4.21867505456284
"216",11,"2-POR-1_11",154.783297027972,0.00696171328671321,27.5000555555556,20191025,"2-POR-1",4,10,"Run1","Site2","Porites","Coral",0.61,6.1575216,"12:33","13:41","Light",1072.833333,NA,NA,NA,0.00424664510489506,-0.000299321298773739,0.0045459664036688,0.000738278596321741,2.65780294675827
"217",11,"2-POC-3_11",169.3067,0.0128000000000003,27.8228666666667,20191025,"2-POC-3",5,11,"Run2","Site2","Pocillopora","Coral",0.59,15,"15:49","15:56","Light",1072.833333,NA,NA,NA,0.00755200000000017,-0.000299321298773739,0.00785132129877391,0.000523421419918261,1.88431711170574
"219",11,"2-POC-1_11",171.715844264706,0.00801455882352939,27.5337777777778,20191025,"2-POC-1",1,7,"Run1","Site2","Pocillopora","Coral",0.608,45.44,"12:33","13:41","Light",1072.833333,NA,NA,NA,0.00487285176470587,-0.000299321298773739,0.00517217306347961,0.00011382423115052,0.40976723214187
"220",11,"2-ACR-3_11",205.664586969697,0.0105221212121213,27.5955333333333,20191025,"2-ACR-3",6,12,"Run2","Site2","Apulchra","Coral",0.605,15,"15:49","15:56","Light",1072.833333,NA,NA,NA,0.00636588333333341,-0.000299321298773739,0.00666520463210715,0.00044434697547381,1.59964911170571
"221",11,"1-ACR-3_11",197.782450909091,0.0149672727272728,27.6008,20191025,"1-ACR-3",1,7,"Run2","Site1","Apulchra","Coral",0.616,15,"15:49","15:56","Light",1072.833333,NA,NA,NA,0.00921984000000002,-0.000299321298773739,0.00951916129877376,0.000634610753251584,2.2845987117057
"222",11,"2-ACR-1_11",181.9073,0.00905714285714301,27.3848333333333,20191025,"2-ACR-1",6,12,"Run1","Site2","Apulchra","Coral",0.6,9.56614963,"12:33","13:41","Light",1072.833333,NA,NA,NA,0.00543428571428581,-0.000299321298773739,0.00573360701305954,0.000599364136546497,2.15771089156739
"223",11,"1-POR-3_11",217.615512192308,0.0292201153846154,28.043375,20191026,"1-POR-3",4,1,"Run1","Site1","Porites","Coral",0.588,15,"11:47","12:02","Light",1072.833333,NA,NA,NA,0.0171814278461539,-0.000299321298773739,0.0174807491449276,0.00116538327632851,4.19537979478262
"224",11,"1-POR-2_11",197.277544047619,0.0124892857142859,28.1936875,20191024,"1-POR-2",1,11,"Run1","Site1","Porites","Coral",0.595,20.43,"18:15","18:26","Light",1125,NA,NA,NA,0.00743112500000012,-0.000299321298773739,0.00773044629877385,0.000378386994555744,1.36219318040068
"225",11,"1-POR-1_11",199.8298975,0.0109310714285717,27.8771875,20191024,"1-POR-1",7,7,"Run1","Site1","Porites","Coral",0.6,11.43,"18:15","18:26","Light",1125,NA,NA,NA,0.00655864285714305,-0.000299321298773739,0.00685796415591679,0.000599996864034715,2.15998871052497
"226",11,"2-POR-2_11",211.002982142857,0.0234464285714295,27.7205,20191025,"2-POR-2",5,11,"Run1","Site2","Porites","Coral",0.595,26.4207942,"12:33","13:41","Light",1072.833333,NA,NA,NA,0.0139506250000005,-0.000299321298773739,0.0142499462987743,0.000539345872455805,1.9416451408409
"227",11,"1-POC-1_11",177.964706190476,0.0104842857142848,27.75025,20191024,"1-POC-1",9,9,"Run1","Site1","Pocillopora","Coral",0.604,33.92,"18:15","18:26","Light",1125,NA,NA,NA,0.00633250857142803,-0.000299321298773739,0.00663182987020177,0.000195513852305477,0.703849868299716
"228",11,"2-POC-2_11",165.243385,0.00683318181818182,27.5731111111111,20191025,"2-POC-2",2,8,"Run1","Site2","Pocillopora","Coral",0.618,44.45,"12:33","13:41","Light",1072.833333,NA,NA,NA,0.00422290636363637,-0.000299321298773739,0.0045222276624101,0.000101737405228574,0.366254658822866
"230",11,"2-ACR-2_11",188.268376388889,0.0178458333333333,27.6258666666667,20191025,"2-ACR-2",3,9,"Run2","Site2","Apulchra","Coral",0.61,15,"15:49","15:56","Light",1072.833333,NA,NA,NA,0.0108859583333333,-0.000299321298773739,0.011185279632107,0.000745685308807136,2.68446711170569
"231",11,"2-POR-3_11",191.906250584677,0.0134619153225806,28.155425,20191026,"2-POR-3",5,2,"Run1","Site2","Porites","Coral",0.578,15,"11:47","12:02","Light",1072.833333,NA,NA,NA,0.00778098705645159,-0.000299321298773739,0.00808030835522533,0.000538687223681688,1.93927400525408
"232",12,"1-POC-3_12",297.383495,0.0283050000000003,27.8280588235294,20191025,"1-POC-3",2,8,"Run2","Site1","Pocillopora","Coral",0.608,15,"15:58","16:05","Light",1286.666667,NA,NA,NA,0.0172094400000002,-0.000558442641432581,0.0177678826414328,0.00118452550942885,4.26429183394386
"233",12,"1-POC-2_12",204.592738611111,0.0207724999999996,27.9626470588235,20191024,"1-POC-2",10,10,"Run1","Site1","Pocillopora","Coral",0.61,41.64,"18:24","18:31","Light",1027,NA,NA,NA,0.0126712249999997,-0.000558442641432581,0.0132296676414323,0.00031771536122556,1.14377530041202
"236",12,"1-ACR-3_12",207.271765238095,0.0194157142857136,27.66725,20191025,"1-ACR-3",1,7,"Run2","Site1","Apulchra","Coral",0.616,15,"15:58","16:05","Light",1286.666667,NA,NA,NA,0.0119600799999996,-0.000558442641432581,0.0125185226414321,0.000834568176095476,3.00444543394371
"237",12,"1-ACR-2_12",170.404823076923,0.00777032967032952,28.0018235294118,20191024,"1-ACR-2",2,12,"Run1","Site1","Apulchra","Coral",0.61,7.7,"18:24","18:31","Light",1027,NA,NA,NA,0.00473990109890101,-0.000558442641432581,0.00529834374033359,0.000688096589653713,2.47714772275337
"238",12,"1-ACR-1_12",183.598334242424,0.0129930303030304,27.7725294117647,20191024,"1-ACR-1",8,8,"Run1","Site1","Apulchra","Coral",0.616,8.01,"18:24","18:31","Light",1027,NA,NA,NA,0.00800370666666675,-0.000558442641432581,0.00856214930809933,0.00106893249789005,3.84815699240419
"239",12,"1-POR-1_12",205.876435714286,0.010992857142857,27.9059411764706,20191024,"1-POR-1",7,7,"Run1","Site1","Porites","Coral",0.6,11.43,"18:24","18:31","Light",1027,NA,NA,NA,0.00659571428571418,-0.000558442641432581,0.00715415692714676,0.000625910492313803,2.25327777232969
"240",12,"2-POR-2_12",224.859718055556,0.0228375000000001,27.7984,20191025,"2-POR-2",5,11,"Run1","Site2","Porites","Coral",0.595,26.4207942,"12:43","12:49","Light",1286.666667,NA,NA,NA,0.0135883125000001,-0.000558442641432581,0.0141467551414326,0.00053544019283995,1.92758469422382
"241",12,"2-POR-1_12",159.446893636364,0.00837303030303033,27.5212666666667,20191025,"2-POR-1",4,10,"Run1","Site2","Porites","Coral",0.61,6.1575216,"12:43","12:49","Light",1286.666667,NA,NA,NA,0.0051075484848485,-0.000558442641432581,0.00566599112628108,0.00092017397491242,3.31262630968471
"242",12,"2-POC-3_12",176.5442275,0.0152891666666663,27.9265294117647,20191025,"2-POC-3",5,11,"Run2","Site2","Pocillopora","Coral",0.59,15,"15:58","16:05","Light",1286.666667,NA,NA,NA,0.0090206083333331,-0.000558442641432581,0.00957905097476568,0.000638603398317712,2.29897223394376
"243",12,"1-POC-1_12",183.542989545455,0.0104286363636364,27.7752352941176,20191024,"1-POC-1",9,9,"Run1","Site1","Pocillopora","Coral",0.604,33.92,"18:24","18:31","Light",1027,NA,NA,NA,0.00629889636363639,-0.000558442641432581,0.00685733900506897,0.000202162116894722,0.727783620820999
"244",12,"2-POC-2_12",169.30758967033,0.00666307692307683,27.6416,20191025,"2-POC-2",2,8,"Run1","Site2","Pocillopora","Coral",0.618,44.45,"12:43","12:49","Light",1286.666667,NA,NA,NA,0.00411778153846148,-0.000558442641432581,0.00467622417989406,0.00010520189381089,0.378726817719204
"245",12,"2-POC-1_12",177.616256666667,0.00760999999999909,27.5758,20191025,"2-POC-1",1,7,"Run1","Site2","Pocillopora","Coral",0.608,45.44,"12:43","12:49","Light",1286.666667,NA,NA,NA,0.00462687999999944,-0.000558442641432581,0.00518532264143203,0.000114113614468134,0.410809012085284
"246",12,"2-ACR-3_12",212.018284090909,0.0103522727272729,27.6541176470588,20191025,"2-ACR-3",6,12,"Run2","Site2","Apulchra","Coral",0.605,15,"15:58","16:05","Light",1286.666667,NA,NA,NA,0.00626312500000009,-0.000558442641432581,0.00682156764143267,0.000454771176095511,1.63717623394384
"248",12,"2-ACR-2_12",198.267001758242,0.0196026373626369,27.7244705882353,20191025,"2-ACR-2",3,9,"Run2","Site2","Apulchra","Coral",0.61,15,"15:58","16:05","Light",1286.666667,NA,NA,NA,0.0119576087912085,-0.000558442641432581,0.0125160514326411,0.00083440342884274,3.00385234383386
"249",12,"2-ACR-1_12",187.798305,0.0122949999999997,27.4046666666667,20191025,"2-ACR-1",6,12,"Run1","Site2","Apulchra","Coral",0.6,9.56614963,"12:43","12:49","Light",1286.666667,NA,NA,NA,0.00737699999999984,-0.000558442641432581,0.00793544264143242,0.000829533610528777,2.9863209979036
"250",12,"1-POR-3_12",247.448695282051,0.0311624957264958,28.0961081081081,20191026,"1-POR-3",4,1,"Run1","Site1","Porites","Coral",0.588,15,"12:04","12:18","Light",1286.666667,NA,NA,NA,0.0183235474871795,-0.000558442641432581,0.0188819901286121,0.00125879934190747,4.53167763086691
"251",12,"1-POR-2_12",204.283137272727,0.0134990909090909,28.2424117647059,20191024,"1-POR-2",1,11,"Run1","Site1","Porites","Coral",0.595,20.43,"18:24","18:31","Light",1027,NA,NA,NA,0.00803195909090906,-0.000558442641432581,0.00859040173234164,0.000420479771529204,1.51372717750514
"252",12,"2-POR-3_12",205.492296764706,0.0132252941176471,28.2392972972973,20191026,"2-POR-3",5,2,"Run1","Site2","Porites","Coral",0.578,15,"12:04","12:18","Light",1286.666667,NA,NA,NA,0.00764422000000004,-0.000558442641432581,0.00820266264143262,0.000546844176095508,1.96863903394383
